{
    "job": {
        "content": [
            {
                "reader": {
                    "name": "mysqlreader",
                    "parameter": {
                        "column": [
                            "goods_id",
                            "goods_name",
                            "goods_category_id",
                            "goods_brand",
                            "goods_code",
                            "retail_goods_code",
                            "retail_goods_name",
                            "sale_spec",
                            "retail_spec",
                            "unit_package_number",
                            "unit_capacity",
                            "rank",
                            "goods_price",
                            "suggest_price",
                            "create_time",
                            "update_time"
                        ],
                        "connection": [
                            {
                                "jdbcUrl": [
                                    "jdbc:mysql://172.16.0.101:3306/db_goods_repository"
                                ],
                                "table": [
                                    "tb_goods"
                                ]
                            }
                        ],
                        "username": "gaoguosheng",
                        "password": "gaoguosheng@useus",
                        "where": ""
                    }
                },
                "writer": {
                    "name": "mysqlwriter",
                    "parameter": {
                        "column": [
                            "goods_id",
                            "goods_name",
                            "goods_category_id",
                            "goods_brand",
                            "goods_code",
                            "retail_goods_code",
                            "retail_goods_name",
                            "sale_spec",
                            "retail_spec",
                            "unit_package_number",
                            "unit_capacity",
                            "rank",
                            "goods_price",
                            "suggest_price",
                            "create_time",
                            "update_time"
                        ],
                        "connection": [
                            {
                                "jdbcUrl": "jdbc:mysql://172.16.0.101:3306/db_boss",
                                "table": [
                                    "tb_goods"
                                ]
                            }
                        ],
                        "preSql": [
                            " TRUNCATE TABLE tb_goods;"
                        ],
                        "session": [],
                        "username": "gaoguosheng",
                        "password": "gaoguosheng@useus",
                        "writeMode": "insert"
                    }
                }
            }
        ],
        "setting": {
            "speed": {
                "channel": 1
            }
        }
    }
}