{
    "job": {
        "content": [
            {
                "reader": {
                    "name": "mysqlreader",
                    "parameter": {
                        "column": [
                            "business_id",
                            "detail_id",
                            "pipeline_id",
                            "money_from_id",
                            "money_from_name",
                            "money_to_id",
                            "money_to_name",
                            "account_id",
                            "account_name",
                            "create_time",
                            "symbol",
                            "money",
                            "fee_type",
                            "mark",
                            "extend",
                            "remaining_money",
                            "db_record_update_time"
                        ],
                        "connection": [
                            {
                                "jdbcUrl": [
                                    "jdbc:mysql://172.16.0.101:3306/db_wallet_2017"
                                ],
                                "table": [
                                    "tbl_account_pipeline_201704",
                                    "tbl_account_pipeline_201705",
                                    "tbl_account_pipeline_201706"
                                ]
                            }
                        ],
                        "username": "gaoguosheng",
                        "password": "gaoguosheng@useus",
                        "where": ""
                    }
                },
                "writer": {
                    "name": "hdfswriter",
                    "parameter": {
                        "defaultFS": "hdfs://172.16.90.1:9000",
                        "fileType": "text",
                        "path": "/user/hive/warehouse/db_statistics.db/tbl_account_pipeline",
                        "fileName": "tbl_account_pipeline2017-05-26",
                        "column": [
                            {
                                "name": "business_id",
                                "type": "STRING"
                            },
                            {
                                "name": "detail_id",
                                "type": "STRING"
                            },
                            {
                                "name": "pipeline_id",
                                "type": "STRING"
                            },
                            {
                                "name": "money_from_id",
                                "type": "STRING"
                            },
                            {
                                "name": "money_from_name",
                                "type": "STRING"
                            },
                            {
                                "name": "money_to_id",
                                "type": "STRING"
                            },
                            {
                                "name": "money_to_name",
                                "type": "STRING"
                            },
                            {
                                "name": "account_id",
                                "type": "STRING"
                            },
                            {
                                "name": "account_name",
                                "type": "STRING"
                            },
                            {
                                "name": "create_time",
                                "type": "STRING"
                            },
                            {
                                "name": "symbol",
                                "type": "STRING"
                            },
                            {
                                "name": "money",
                                "type": "DOUBLE"
                            },
                            {
                                "name": "fee_type",
                                "type": "STRING"
                            },
                            {
                                "name": "mark",
                                "type": "STRING"
                            },
                            {
                                "name": "extend",
                                "type": "STRING"
                            },
                            {
                                "name": "remaining_money",
                                "type": "DOUBLE"
                            },
                            {
                                "name": "db_record_update_time",
                                "type": "timestamp"
                            }
                        ],
                        "writeMode": "append",
                        "fieldDelimiter": "\t"
                    }
                }
            }
        ],
        "setting": {
            "speed": {
                "channel": 1
            }
        }
    }
}