{
    "job": {
        "content": [
            {
                "reader": {
                    "name": "mysqlreader",
                    "parameter": {
                        "column": [
                            "event_uuid",
                            "year",
                            "month",
                            "week",
                            "terminal_id",
                            "place_uid",
                            "order_id",
                            "amount",
                            "status",
                            "order_content",
                            "place_time",
                            "create_time",
                            "update_time"
                        ],
                        "connection": [
                            {
                                "jdbcUrl": [
                                    "jdbc:mysql://172.16.0.101:3306/db_penetration"
                                ],
                                "table": [
                                    "tb_order_stream"
                                ]
                            }
                        ],
                        "username": "gaoguosheng",
                        "password": "gaoguosheng@useus",
                        "where": ""
                    }
                },
                "writer": {
                    "name": "hdfswriter",
                    "parameter": {
                        "defaultFS": "hdfs://172.16.90.1:9000",
                        "fileType": "text",
                        "path": "/user/hive/warehouse/db_statistics.db/tb_order_stream",
                        "fileName": "tb_order_stream2017-05-26",
                        "column": [
                            {
                                "name": "event_uuid",
                                "type": "STRING"
                            },
                            {
                                "name": "year",
                                "type": "int"
                            },
                            {
                                "name": "month",
                                "type": "int"
                            },
                            {
                                "name": "week",
                                "type": "int"
                            },
                            {
                                "name": "terminal_id",
                                "type": "STRING"
                            },
                            {
                                "name": "place_uid",
                                "type": "STRING"
                            },
                            {
                                "name": "order_id",
                                "type": "STRING"
                            },
                            {
                                "name": "amount",
                                "type": "DOUBLE"
                            },
                            {
                                "name": "status",
                                "type": "int"
                            },
                            {
                                "name": "order_content",
                                "type": "STRING"
                            },
                            {
                                "name": "place_time",
                                "type": "date"
                            },
                            {
                                "name": "create_time",
                                "type": "date"
                            },
                            {
                                "name": "update_time",
                                "type": "timestamp"
                            }
                        ],
                        "writeMode": "append",
                        "fieldDelimiter": "\t"
                    }
                }
            }
        ],
        "setting": {
            "speed": {
                "channel": 1
            }
        }
    }
}