{
    "job": {
        "content": [
            {
                "reader": {
                    "name": "mysqlreader",
                    "parameter": {
                        "column": [
                            "terminal_id",
                            "goods_id",
                            "penetration_uid",
                            "terminal_name",
                            "penetration_name",
                            "distributor_id",
                            "distributor_name",
                            "business_id",
                            "order_id",
                            "send_time",
                            "place_time",
                            "goods_name",
                            "money",
                            "fee_distributor",
                            "leader_amount_plateform",
                            "leader_amount_distributor",
                            "total_amount_plateform",
                            "total_amount_distributor",
                            "team_id",
                            "team_leader_uid",
                            "team_leader_name",
                            "team_leader_percent",
                            "amount_plateform",
                            "amount_distributor",
                            "year",
                            "month",
                            "week",
                            "penetration_status",
                            "business_status",
                            "business_success_time",
                            "data_version",
                            "create_time",
                            "update_time",
                            "award_time",
                            "order_status"
                        ],
                        "connection": [
                            {
                                "jdbcUrl": [
                                    "jdbc:mysql://172.16.0.101:3306/db_penetration"
                                ],
                                "table": [
                                    "tb_terminal_penetration"
                                ]
                            }
                        ],
                        "username": "gaoguosheng",
                        "password": "gaoguosheng@useus",
                        "where": ""
                    }
                },
                "writer": {
                    "name": "hdfswriter",
                    "parameter": {
                        "defaultFS": "hdfs://172.16.90.1:9000",
                        "fileType": "text",
                        "path": "/user/hive/warehouse/db_statistics.db/tb_terminal_penetration",
                        "fileName": "tb_terminal_penetration2017-05-26",
                        "column": [
                            {
                                "name": "terminal_id",
                                "type": "STRING"
                            },
                            {
                                "name": "goods_id",
                                "type": "STRING"
                            },
                            {
                                "name": "penetration_uid",
                                "type": "STRING"
                            },
                            {
                                "name": "terminal_name",
                                "type": "STRING"
                            },
                            {
                                "name": "penetration_name",
                                "type": "STRING"
                            },
                            {
                                "name": "distributor_id",
                                "type": "STRING"
                            },
                            {
                                "name": "distributor_name",
                                "type": "STRING"
                            },
                            {
                                "name": "business_id",
                                "type": "STRING"
                            },
                            {
                                "name": "order_id",
                                "type": "STRING"
                            },
                            {
                                "name": "send_time",
                                "type": "date"
                            },
                            {
                                "name": "place_time",
                                "type": "date"
                            },
                            {
                                "name": "goods_name",
                                "type": "STRING"
                            },
                            {
                                "name": "money",
                                "type": "DOUBLE"
                            },
                            {
                                "name": "fee_distributor",
                                "type": "DOUBLE"
                            },
                            {
                                "name": "leader_amount_plateform",
                                "type": "DOUBLE"
                            },
                            {
                                "name": "leader_amount_distributor",
                                "type": "DOUBLE"
                            },
                            {
                                "name": "total_amount_plateform",
                                "type": "DOUBLE"
                            },
                            {
                                "name": "total_amount_distributor",
                                "type": "DOUBLE"
                            },
                            {
                                "name": "team_id",
                                "type": "STRING"
                            },
                            {
                                "name": "team_leader_uid",
                                "type": "STRING"
                            },
                            {
                                "name": "team_leader_name",
                                "type": "STRING"
                            },
                            {
                                "name": "team_leader_percent",
                                "type": "int"
                            },
                            {
                                "name": "amount_plateform",
                                "type": "DOUBLE"
                            },
                            {
                                "name": "amount_distributor",
                                "type": "DOUBLE"
                            },
                            {
                                "name": "year",
                                "type": "int"
                            },
                            {
                                "name": "month",
                                "type": "int"
                            },
                            {
                                "name": "week",
                                "type": "int"
                            },
                            {
                                "name": "penetration_status",
                                "type": "int"
                            },
                            {
                                "name": "business_status",
                                "type": "int"
                            },
                            {
                                "name": "business_success_time",
                                "type": "date"
                            },
                            {
                                "name": "data_version",
                                "type": "int"
                            },
                            {
                                "name": "create_time",
                                "type": "date"
                            },
                            {
                                "name": "update_time",
                                "type": "timestamp"
                            },
                            {
                                "name": "award_time",
                                "type": "date"
                            },
                            {
                                "name": "order_status",
                                "type": "int"
                            }
                        ],
                        "writeMode": "append",
                        "fieldDelimiter": "\t"
                    }
                }
            }
        ],
        "setting": {
            "speed": {
                "channel": 1
            }
        }
    }
}