{
    "job": {
        "content": [
            {
                "reader": {
                    "name": "mysqlreader",
                    "parameter": {
                        "column": [
                            "business_id",
                            "detail_id",
                            "pipeline_id",
                            "money_from_id",
                            "money_from_name",
                            "money_to_id",
                            "money_to_name",
                            "account_id",
                            "account_name",
                            "create_time",
                            "symbol",
                            "money",
                            "fee_type",
                            "mark",
                            "extend",
                            "remaining_money",
                            "db_record_update_time"
                        ],
                        "connection": [
                            {
                                "jdbcUrl": [
                                    "jdbc:mysql://172.16.0.101:3306/db_wallet_2017"
                                ],
                                "table": [
                                    "tbl_account_pipeline_201704",
                                    "tbl_account_pipeline_201705",
                                    "tbl_account_pipeline_201706"
                                ]
                            }
                        ],
                        "username": "gaoguosheng",
                        "password": "gaoguosheng@useus",
                        "where": ""
                    }
                },
                "writer": {
                    "name": "mysqlwriter",
                    "parameter": {
                        "column": [
                            "business_id",
                            "detail_id",
                            "pipeline_id",
                            "money_from_id",
                            "money_from_name",
                            "money_to_id",
                            "money_to_name",
                            "account_id",
                            "account_name",
                            "create_time",
                            "symbol",
                            "money",
                            "fee_type",
                            "mark",
                            "extend",
                            "remaining_money",
                            "db_record_update_time"
                        ],
                        "connection": [
                            {
                                "jdbcUrl": "jdbc:mysql://172.16.0.101:3306/db_boss",
                                "table": [
                                    "tbl_account_pipeline"
                                ]
                            }
                        ],
                        "preSql": [
                            " TRUNCATE TABLE tbl_account_pipeline;"
                        ],
                        "session": [],
                        "username": "gaoguosheng",
                        "password": "gaoguosheng@useus",
                        "writeMode": "insert"
                    }
                }
            }
        ],
        "setting": {
            "speed": {
                "channel": 1
            }
        }
    }
}