{
    "job": {
        "content": [
            {
                "reader": {
                    "name": "mysqlreader",
                    "parameter": {
                        "column": [
                            "id",
                            "terminal_id",
                            "goods_id",
                            "penetration_uid",
                            "terminal_name",
                            "penetration_name",
                            "distributor_id",
                            "distributor_name",
                            "business_id",
                            "order_id",
                            "goods_name",
                            "place_time",
                            "send_time",
                            "money",
                            "fee_distributor",
                            "leader_amount_plateform",
                            "leader_amount_distributor",
                            "total_amount_plateform",
                            "total_amount_distributor",
                            "team_id",
                            "team_leader_uid",
                            "team_leader_name",
                            "team_leader_percent",
                            "amount_plateform",
                            "amount_distributor",
                            "year",
                            "month",
                            "week",
                            "award_time",
                            "order_status",
                            "penetration_status",
                            "business_status",
                            "business_success_time",
                            "data_version",
                            "create_time",
                            "update_time"
                        ],
                        "connection": [
                            {
                                "jdbcUrl": [
                                    "jdbc:mysql://172.16.0.101:3306/db_penetration"
                                ],
                                "table": [
                                    "tb_penetration_reset"
                                ]
                            }
                        ],
                        "username": "gaoguosheng",
                        "password": "gaoguosheng@useus",
                        "where": ""
                    }
                },
                "writer": {
                    "name": "mysqlwriter",
                    "parameter": {
                        "column": [
                            "id",
                            "terminal_id",
                            "goods_id",
                            "penetration_uid",
                            "terminal_name",
                            "penetration_name",
                            "distributor_id",
                            "distributor_name",
                            "business_id",
                            "order_id",
                            "goods_name",
                            "place_time",
                            "send_time",
                            "money",
                            "fee_distributor",
                            "leader_amount_plateform",
                            "leader_amount_distributor",
                            "total_amount_plateform",
                            "total_amount_distributor",
                            "team_id",
                            "team_leader_uid",
                            "team_leader_name",
                            "team_leader_percent",
                            "amount_plateform",
                            "amount_distributor",
                            "year",
                            "month",
                            "week",
                            "award_time",
                            "order_status",
                            "penetration_status",
                            "business_status",
                            "business_success_time",
                            "data_version",
                            "create_time",
                            "update_time"
                        ],
                        "connection": [
                            {
                                "jdbcUrl": "jdbc:mysql://172.16.0.101:3306/db_boss",
                                "table": [
                                    "tb_penetration_reset"
                                ]
                            }
                        ],
                        "preSql": [
                            " TRUNCATE TABLE tb_penetration_reset;"
                        ],
                        "session": [],
                        "username": "gaoguosheng",
                        "password": "gaoguosheng@useus",
                        "writeMode": "insert"
                    }
                }
            }
        ],
        "setting": {
            "speed": {
                "channel": 1
            }
        }
    }
}