{
    "job": {
        "content": [
            {
                "reader": {
                    "name": "mysqlreader",
                    "parameter": {
                        "column": [
                            "terminal_id",
                            "terminal_name",
                            "shopkeeper_mobile",
                            "shopkeeper_phone",
                            "shopkeeper_name",
                            "shop_picture",
                            "province_code",
                            "city_code",
                            "region_code",
                            "province",
                            "city",
                            "region",
                            "details",
                            "longitude",
                            "latitude",
                            "description",
                            "first_spell",
                            "full_spell",
                            "add_uid",
                            "check_status",
                            "status",
                            "forbidden_reason",
                            "main_type",
                            "sub_type",
                            "type_level",
                            "data_version",
                            "create_time",
                            "update_time"
                        ],
                        "connection": [
                            {
                                "jdbcUrl": [
                                    "jdbc:mysql://172.16.0.101:3306/db_terminal"
                                ],
                                "table": [
                                    "tb_terminal_online"
                                ]
                            }
                        ],
                        "username": "gaoguosheng",
                        "password": "gaoguosheng@useus",
                        "where": ""
                    }
                },
                "writer": {
                    "name": "mysqlwriter",
                    "parameter": {
                        "column": [
                            "terminal_id",
                            "terminal_name",
                            "shopkeeper_mobile",
                            "shopkeeper_phone",
                            "shopkeeper_name",
                            "shop_picture",
                            "province_code",
                            "city_code",
                            "region_code",
                            "province",
                            "city",
                            "region",
                            "details",
                            "longitude",
                            "latitude",
                            "description",
                            "first_spell",
                            "full_spell",
                            "add_uid",
                            "check_status",
                            "status",
                            "forbidden_reason",
                            "main_type",
                            "sub_type",
                            "type_level",
                            "data_version",
                            "create_time",
                            "update_time"
                        ],
                        "connection": [
                            {
                                "jdbcUrl": "jdbc:mysql://172.16.0.101:3306/db_boss",
                                "table": [
                                    "tb_terminal_online"
                                ]
                            }
                        ],
                        "preSql": [
                            " TRUNCATE TABLE tb_terminal_online;"
                        ],
                        "session": [],
                        "username": "gaoguosheng",
                        "password": "gaoguosheng@useus",
                        "writeMode": "insert"
                    }
                }
            }
        ],
        "setting": {
            "speed": {
                "channel": 1
            }
        }
    }
}