{
    "job": {
        "content": [
            {
                "reader": {
                    "name": "mysqlreader",
                    "parameter": {
                        "column": [
                            "order_id",
                            "group_id",
                            "price",
                            "buy_number",
                            "give_free_number",
                            "amount",
                            "commission_amount",
                            "commission_amount_distributor",
                            "commission_fee_distributor",
                            "commission_amount_subside_plateform",
                            "commission_profit",
                            "commission_amount_team",
                            "commission_amount_distributor_team",
                            "commission_amount_by_distributor_team",
                            "commission_amount_subside_plateform_team",
                            "give_free_content",
                            "is_penetration",
                            "penetration_amount",
                            "penetration_amount_distributor",
                            "penetration_fee_distributor",
                            "penetration_amount_subside_plateform",
                            "penetration_profit",
                            "penetration_amount_team",
                            "penetration_amount_distributor_team",
                            "penetration_amount_by_distributor_team",
                            "penetration_amount_subside_plateform_team",
                            "fetch_penetration_amount",
                            "fetch_penetration_amount_distributor",
                            "fetch_penetration_fee_distributor",
                            "fetch_penetration_amount_subside_plateform",
                            "check_remark",
                            "check_flag",
                            "goods_id",
                            "goods_name",
                            "goods_category",
                            "goods_brand",
                            "goods_code",
                            "goods_sale_spec",
                            "goods_price",
                            "goods_pic",
                            "goods_gift",
                            "retail_goods_name",
                            "retail_goods_code",
                            "retail_spec",
                            "unit_capacity",
                            "unit_package_number",
                            "goods_version",
                            "update_time"
                        ],
                        "connection": [
                            {
                                "jdbcUrl": [
                                    "jdbc:mysql://172.16.0.101:3306/db_order_2017"
                                ],
                                "table": [
                                    "tb_order_goods_detail_20170101",
                                    "tb_order_goods_detail_20170102",
                                    "tb_order_goods_detail_20170103",
                                    "tb_order_goods_detail_20170104",
                                    "tb_order_goods_detail_20170105",
                                    "tb_order_goods_detail_20170106",
                                    "tb_order_goods_detail_20170107",
                                    "tb_order_goods_detail_20170108",
                                    "tb_order_goods_detail_20170109",
                                    "tb_order_goods_detail_20170110",
                                    "tb_order_goods_detail_20170111",
                                    "tb_order_goods_detail_20170112",
                                    "tb_order_goods_detail_20170113",
                                    "tb_order_goods_detail_20170114",
                                    "tb_order_goods_detail_20170115",
                                    "tb_order_goods_detail_20170116",
                                    "tb_order_goods_detail_20170117",
                                    "tb_order_goods_detail_20170118",
                                    "tb_order_goods_detail_20170119",
                                    "tb_order_goods_detail_20170120",
                                    "tb_order_goods_detail_20170121",
                                    "tb_order_goods_detail_20170122",
                                    "tb_order_goods_detail_20170123",
                                    "tb_order_goods_detail_20170124",
                                    "tb_order_goods_detail_20170125",
                                    "tb_order_goods_detail_20170126",
                                    "tb_order_goods_detail_20170127",
                                    "tb_order_goods_detail_20170128",
                                    "tb_order_goods_detail_20170129",
                                    "tb_order_goods_detail_20170130",
                                    "tb_order_goods_detail_20170131",
                                    "tb_order_goods_detail_20170201",
                                    "tb_order_goods_detail_20170202",
                                    "tb_order_goods_detail_20170203",
                                    "tb_order_goods_detail_20170204",
                                    "tb_order_goods_detail_20170205",
                                    "tb_order_goods_detail_20170206",
                                    "tb_order_goods_detail_20170207",
                                    "tb_order_goods_detail_20170208",
                                    "tb_order_goods_detail_20170209",
                                    "tb_order_goods_detail_20170210",
                                    "tb_order_goods_detail_20170211",
                                    "tb_order_goods_detail_20170212",
                                    "tb_order_goods_detail_20170213",
                                    "tb_order_goods_detail_20170214",
                                    "tb_order_goods_detail_20170215",
                                    "tb_order_goods_detail_20170216",
                                    "tb_order_goods_detail_20170217",
                                    "tb_order_goods_detail_20170218",
                                    "tb_order_goods_detail_20170219",
                                    "tb_order_goods_detail_20170220",
                                    "tb_order_goods_detail_20170221",
                                    "tb_order_goods_detail_20170222",
                                    "tb_order_goods_detail_20170223",
                                    "tb_order_goods_detail_20170224",
                                    "tb_order_goods_detail_20170225",
                                    "tb_order_goods_detail_20170226",
                                    "tb_order_goods_detail_20170227",
                                    "tb_order_goods_detail_20170228",
                                    "tb_order_goods_detail_20170301",
                                    "tb_order_goods_detail_20170302",
                                    "tb_order_goods_detail_20170303",
                                    "tb_order_goods_detail_20170304",
                                    "tb_order_goods_detail_20170305",
                                    "tb_order_goods_detail_20170306",
                                    "tb_order_goods_detail_20170307",
                                    "tb_order_goods_detail_20170308",
                                    "tb_order_goods_detail_20170309",
                                    "tb_order_goods_detail_20170310",
                                    "tb_order_goods_detail_20170311",
                                    "tb_order_goods_detail_20170312",
                                    "tb_order_goods_detail_20170313",
                                    "tb_order_goods_detail_20170314",
                                    "tb_order_goods_detail_20170315",
                                    "tb_order_goods_detail_20170316",
                                    "tb_order_goods_detail_20170317",
                                    "tb_order_goods_detail_20170318",
                                    "tb_order_goods_detail_20170319",
                                    "tb_order_goods_detail_20170320",
                                    "tb_order_goods_detail_20170321",
                                    "tb_order_goods_detail_20170322",
                                    "tb_order_goods_detail_20170323",
                                    "tb_order_goods_detail_20170324",
                                    "tb_order_goods_detail_20170325",
                                    "tb_order_goods_detail_20170326",
                                    "tb_order_goods_detail_20170327",
                                    "tb_order_goods_detail_20170328",
                                    "tb_order_goods_detail_20170329",
                                    "tb_order_goods_detail_20170330",
                                    "tb_order_goods_detail_20170331",
                                    "tb_order_goods_detail_20170401",
                                    "tb_order_goods_detail_20170402",
                                    "tb_order_goods_detail_20170403",
                                    "tb_order_goods_detail_20170404",
                                    "tb_order_goods_detail_20170405",
                                    "tb_order_goods_detail_20170406",
                                    "tb_order_goods_detail_20170407",
                                    "tb_order_goods_detail_20170408",
                                    "tb_order_goods_detail_20170409",
                                    "tb_order_goods_detail_20170410",
                                    "tb_order_goods_detail_20170411",
                                    "tb_order_goods_detail_20170412",
                                    "tb_order_goods_detail_20170413",
                                    "tb_order_goods_detail_20170414",
                                    "tb_order_goods_detail_20170415",
                                    "tb_order_goods_detail_20170416",
                                    "tb_order_goods_detail_20170417",
                                    "tb_order_goods_detail_20170418",
                                    "tb_order_goods_detail_20170419",
                                    "tb_order_goods_detail_20170420",
                                    "tb_order_goods_detail_20170421",
                                    "tb_order_goods_detail_20170422",
                                    "tb_order_goods_detail_20170423",
                                    "tb_order_goods_detail_20170424",
                                    "tb_order_goods_detail_20170425",
                                    "tb_order_goods_detail_20170426",
                                    "tb_order_goods_detail_20170427",
                                    "tb_order_goods_detail_20170428",
                                    "tb_order_goods_detail_20170429",
                                    "tb_order_goods_detail_20170430",
                                    "tb_order_goods_detail_20170501",
                                    "tb_order_goods_detail_20170502",
                                    "tb_order_goods_detail_20170503",
                                    "tb_order_goods_detail_20170504",
                                    "tb_order_goods_detail_20170505",
                                    "tb_order_goods_detail_20170506",
                                    "tb_order_goods_detail_20170507",
                                    "tb_order_goods_detail_20170508",
                                    "tb_order_goods_detail_20170509",
                                    "tb_order_goods_detail_20170510",
                                    "tb_order_goods_detail_20170511",
                                    "tb_order_goods_detail_20170512",
                                    "tb_order_goods_detail_20170513",
                                    "tb_order_goods_detail_20170514",
                                    "tb_order_goods_detail_20170515",
                                    "tb_order_goods_detail_20170516",
                                    "tb_order_goods_detail_20170517",
                                    "tb_order_goods_detail_20170518",
                                    "tb_order_goods_detail_20170519",
                                    "tb_order_goods_detail_20170520",
                                    "tb_order_goods_detail_20170521",
                                    "tb_order_goods_detail_20170522",
                                    "tb_order_goods_detail_20170523",
                                    "tb_order_goods_detail_20170524",
                                    "tb_order_goods_detail_20170525",
                                    "tb_order_goods_detail_20170526",
                                    "tb_order_goods_detail_20170527"
                                ]
                            }
                        ],
                        "username": "gaoguosheng",
                        "password": "gaoguosheng@useus",
                        "where": ""
                    }
                },
                "writer": {
                    "name": "mysqlwriter",
                    "parameter": {
                        "column": [
                            "order_id",
                            "group_id",
                            "price",
                            "buy_number",
                            "give_free_number",
                            "amount",
                            "commission_amount",
                            "commission_amount_distributor",
                            "commission_fee_distributor",
                            "commission_amount_subside_plateform",
                            "commission_profit",
                            "commission_amount_team",
                            "commission_amount_distributor_team",
                            "commission_amount_by_distributor_team",
                            "commission_amount_subside_plateform_team",
                            "give_free_content",
                            "is_penetration",
                            "penetration_amount",
                            "penetration_amount_distributor",
                            "penetration_fee_distributor",
                            "penetration_amount_subside_plateform",
                            "penetration_profit",
                            "penetration_amount_team",
                            "penetration_amount_distributor_team",
                            "penetration_amount_by_distributor_team",
                            "penetration_amount_subside_plateform_team",
                            "fetch_penetration_amount",
                            "fetch_penetration_amount_distributor",
                            "fetch_penetration_fee_distributor",
                            "fetch_penetration_amount_subside_plateform",
                            "check_remark",
                            "check_flag",
                            "goods_id",
                            "goods_name",
                            "goods_category",
                            "goods_brand",
                            "goods_code",
                            "goods_sale_spec",
                            "goods_price",
                            "goods_pic",
                            "goods_gift",
                            "retail_goods_name",
                            "retail_goods_code",
                            "retail_spec",
                            "unit_capacity",
                            "unit_package_number",
                            "goods_version",
                            "update_time"
                        ],
                        "connection": [
                            {
                                "jdbcUrl": "jdbc:mysql://172.16.0.101:3306/db_boss",
                                "table": [
                                    "tb_order_goods_detail"
                                ]
                            }
                        ],
                        "preSql": [],
                        "session": [],
                        "username": "gaoguosheng",
                        "password": "gaoguosheng@useus",
                        "writeMode": "insert"
                    }
                }
            }
        ],
        "setting": {
            "speed": {
                "channel": 1
            }
        }
    }
}