{
    "job": {
        "content": [
            {
                "reader": {
                    "name": "mysqlreader",
                    "parameter": {
                        "column": [
                            "uid",
                            "operate_key",
                            "time",
                            "money",
                            "mark",
                            "extend",
                            "db_record_update_time"
                        ],
                        "connection": [
                            {
                                "jdbcUrl": [
                                    "jdbc:mysql://172.16.0.101:3306/db_wallet"
                                ],
                                "table": [
                                    "tbl_income"
                                ]
                            }
                        ],
                        "username": "gaoguosheng",
                        "password": "gaoguosheng@useus",
                        "where": ""
                    }
                },
                "writer": {
                    "name": "hdfswriter",
                    "parameter": {
                        "defaultFS": "hdfs://172.16.90.1:9000",
                        "fileType": "text",
                        "path": "/user/hive/warehouse/db_statistics.db/tbl_income",
                        "fileName": "tbl_income2017-05-26",
                        "column": [
                            {
                                "name": "uid",
                                "type": "STRING"
                            },
                            {
                                "name": "operate_key",
                                "type": "STRING"
                            },
                            {
                                "name": "time",
                                "type": "STRING"
                            },
                            {
                                "name": "money",
                                "type": "DOUBLE"
                            },
                            {
                                "name": "mark",
                                "type": "STRING"
                            },
                            {
                                "name": "extend",
                                "type": "STRING"
                            },
                            {
                                "name": "db_record_update_time",
                                "type": "timestamp"
                            }
                        ],
                        "writeMode": "append",
                        "fieldDelimiter": "\t"
                    }
                }
            }
        ],
        "setting": {
            "speed": {
                "channel": 1
            }
        }
    }
}