{
    "job": {
        "content": [
            {
                "reader": {
                    "name": "mysqlreader",
                    "parameter": {
                        "column": [
                            "id",
                            "description",
                            "create_time",
                            "update_time",
                            "total_money",
                            "flag",
                            "db_record_update_time"
                        ],
                        "connection": [
                            {
                                "jdbcUrl": [
                                    "jdbc:mysql://172.16.0.101:3306/db_wallet"
                                ],
                                "table": [
                                    "tbl_shierfan_account"
                                ]
                            }
                        ],
                        "username": "gaoguosheng",
                        "password": "gaoguosheng@useus",
                        "where": ""
                    }
                },
                "writer": {
                    "name": "hdfswriter",
                    "parameter": {
                        "defaultFS": "hdfs://172.16.90.1:9000",
                        "fileType": "text",
                        "path": "/user/hive/warehouse/db_statistics.db/tbl_shierfan_account",
                        "fileName": "tbl_shierfan_account2017-05-26",
                        "column": [
                            {
                                "name": "id",
                                "type": "STRING"
                            },
                            {
                                "name": "description",
                                "type": "STRING"
                            },
                            {
                                "name": "create_time",
                                "type": "STRING"
                            },
                            {
                                "name": "update_time",
                                "type": "STRING"
                            },
                            {
                                "name": "total_money",
                                "type": "DOUBLE"
                            },
                            {
                                "name": "flag",
                                "type": "int"
                            },
                            {
                                "name": "db_record_update_time",
                                "type": "timestamp"
                            }
                        ],
                        "writeMode": "append",
                        "fieldDelimiter": "\t"
                    }
                }
            }
        ],
        "setting": {
            "speed": {
                "channel": 1
            }
        }
    }
}