{
    "job": {
        "content": [
            {
                "reader": {
                    "name": "mysqlreader",
                    "parameter": {
                        "column": [
                            "uid",
                            "symbol",
                            "operate_key",
                            "operate_type",
                            "create_time",
                            "update_time",
                            "money",
                            "mark",
                            "bank_name",
                            "bank_code",
                            "bank_card_id",
                            "bank_card_user_name",
                            "extract_time_start",
                            "extract_time_end",
                            "has_extract_return_flag",
                            "status",
                            "extend",
                            "db_record_update_time"
                        ],
                        "connection": [
                            {
                                "jdbcUrl": [
                                    "jdbc:mysql://172.16.0.101:3306/db_wallet"
                                ],
                                "table": [
                                    "tbl_extract_money"
                                ]
                            }
                        ],
                        "username": "gaoguosheng",
                        "password": "gaoguosheng@useus",
                        "where": ""
                    }
                },
                "writer": {
                    "name": "hdfswriter",
                    "parameter": {
                        "defaultFS": "hdfs://172.16.90.1:9000",
                        "fileType": "text",
                        "path": "/user/hive/warehouse/db_statistics.db/tbl_extract_money",
                        "fileName": "tbl_extract_money2017-05-26",
                        "column": [
                            {
                                "name": "uid",
                                "type": "STRING"
                            },
                            {
                                "name": "symbol",
                                "type": "STRING"
                            },
                            {
                                "name": "operate_key",
                                "type": "STRING"
                            },
                            {
                                "name": "operate_type",
                                "type": "int"
                            },
                            {
                                "name": "create_time",
                                "type": "STRING"
                            },
                            {
                                "name": "update_time",
                                "type": "STRING"
                            },
                            {
                                "name": "money",
                                "type": "DOUBLE"
                            },
                            {
                                "name": "mark",
                                "type": "STRING"
                            },
                            {
                                "name": "bank_name",
                                "type": "STRING"
                            },
                            {
                                "name": "bank_code",
                                "type": "STRING"
                            },
                            {
                                "name": "bank_card_id",
                                "type": "STRING"
                            },
                            {
                                "name": "bank_card_user_name",
                                "type": "STRING"
                            },
                            {
                                "name": "extract_time_start",
                                "type": "STRING"
                            },
                            {
                                "name": "extract_time_end",
                                "type": "STRING"
                            },
                            {
                                "name": "has_extract_return_flag",
                                "type": "int"
                            },
                            {
                                "name": "status",
                                "type": "int"
                            },
                            {
                                "name": "extend",
                                "type": "STRING"
                            },
                            {
                                "name": "db_record_update_time",
                                "type": "timestamp"
                            }
                        ],
                        "writeMode": "append",
                        "fieldDelimiter": "\t"
                    }
                }
            }
        ],
        "setting": {
            "speed": {
                "channel": 1
            }
        }
    }
}