{
    "job": {
        "content": [
            {
                "reader": {
                    "name": "mysqlreader",
                    "parameter": {
                        "column": [
                            "goods_id",
                            "goods_name",
                            "goods_category",
                            "goods_brand",
                            "goods_code",
                            "sale_spec",
                            "goods_price",
                            "goods_pic",
                            "goods_detail_url",
                            "rank",
                            "goods_sell_point",
                            "goods_recommend",
                            "hide",
                            "goods_gift",
                            "retail_goods_name",
                            "retail_goods_code",
                            "retail_spec",
                            "retail_suggest_price",
                            "unit_capacity",
                            "unit_package_number",
                            "commission",
                            "gift",
                            "goods_penetration",
                            "goods_version",
                            "status",
                            "create_person",
                            "create_person_name",
                            "create_time",
                            "update_person",
                            "update_person_name",
                            "update_time"
                        ],
                        "connection": [
                            {
                                "jdbcUrl": [
                                    "jdbc:mysql://172.16.0.101:3306/db_goods"
                                ],
                                "table": [
                                    "tb_goods_info_new"
                                ]
                            }
                        ],
                        "username": "gaoguosheng",
                        "password": "gaoguosheng@useus",
                        "where": ""
                    }
                },
                "writer": {
                    "name": "hdfswriter",
                    "parameter": {
                        "defaultFS": "hdfs://172.16.90.1:9000",
                        "fileType": "text",
                        "path": "/user/hive/warehouse/db_statistics.db/tb_goods_info_new",
                        "fileName": "tb_goods_info_new2017-05-26",
                        "column": [
                            {
                                "name": "goods_id",
                                "type": "STRING"
                            },
                            {
                                "name": "goods_name",
                                "type": "STRING"
                            },
                            {
                                "name": "goods_category",
                                "type": "STRING"
                            },
                            {
                                "name": "goods_brand",
                                "type": "STRING"
                            },
                            {
                                "name": "goods_code",
                                "type": "STRING"
                            },
                            {
                                "name": "sale_spec",
                                "type": "STRING"
                            },
                            {
                                "name": "goods_price",
                                "type": "int"
                            },
                            {
                                "name": "goods_pic",
                                "type": "STRING"
                            },
                            {
                                "name": "goods_detail_url",
                                "type": "STRING"
                            },
                            {
                                "name": "rank",
                                "type": "int"
                            },
                            {
                                "name": "goods_sell_point",
                                "type": "STRING"
                            },
                            {
                                "name": "goods_recommend",
                                "type": "tinyint"
                            },
                            {
                                "name": "hide",
                                "type": "tinyint"
                            },
                            {
                                "name": "goods_gift",
                                "type": "STRING"
                            },
                            {
                                "name": "retail_goods_name",
                                "type": "STRING"
                            },
                            {
                                "name": "retail_goods_code",
                                "type": "STRING"
                            },
                            {
                                "name": "retail_spec",
                                "type": "STRING"
                            },
                            {
                                "name": "retail_suggest_price",
                                "type": "DOUBLE"
                            },
                            {
                                "name": "unit_capacity",
                                "type": "STRING"
                            },
                            {
                                "name": "unit_package_number",
                                "type": "int"
                            },
                            {
                                "name": "commission",
                                "type": "DOUBLE"
                            },
                            {
                                "name": "gift",
                                "type": "STRING"
                            },
                            {
                                "name": "goods_penetration",
                                "type": "DOUBLE"
                            },
                            {
                                "name": "goods_version",
                                "type": "int"
                            },
                            {
                                "name": "status",
                                "type": "int"
                            },
                            {
                                "name": "create_person",
                                "type": "STRING"
                            },
                            {
                                "name": "create_person_name",
                                "type": "STRING"
                            },
                            {
                                "name": "create_time",
                                "type": "timestamp"
                            },
                            {
                                "name": "update_person",
                                "type": "STRING"
                            },
                            {
                                "name": "update_person_name",
                                "type": "STRING"
                            },
                            {
                                "name": "update_time",
                                "type": "timestamp"
                            }
                        ],
                        "writeMode": "append",
                        "fieldDelimiter": "\t"
                    }
                }
            }
        ],
        "setting": {
            "speed": {
                "channel": 1
            }
        }
    }
}