{
    "job": {
        "content": [
            {
                "reader": {
                    "name": "mysqlreader",
                    "parameter": {
                        "column": [
                            "category_id",
                            "category_name",
                            "category_level",
                            "first_category_id",
                            "first_category_name",
                            "second_category_id",
                            "second_category_name",
                            "third_category_id",
                            "third_category_name",
                            "fourth_category_id",
                            "fourth_category_name",
                            "sub_category_ids",
                            "create_person",
                            "create_time",
                            "update_person",
                            "update_time"
                        ],
                        "connection": [
                            {
                                "jdbcUrl": [
                                    "jdbc:mysql://172.16.0.101:3306/db_goods"
                                ],
                                "table": [
                                    "tb_category"
                                ]
                            }
                        ],
                        "username": "gaoguosheng",
                        "password": "gaoguosheng@useus",
                        "where": ""
                    }
                },
                "writer": {
                    "name": "hdfswriter",
                    "parameter": {
                        "defaultFS": "hdfs://172.16.90.1:9000",
                        "fileType": "text",
                        "path": "/user/hive/warehouse/db_statistics.db/tb_category",
                        "fileName": "tb_category2017-05-26",
                        "column": [
                            {
                                "name": "category_id",
                                "type": "STRING"
                            },
                            {
                                "name": "category_name",
                                "type": "STRING"
                            },
                            {
                                "name": "category_level",
                                "type": "tinyint"
                            },
                            {
                                "name": "first_category_id",
                                "type": "int"
                            },
                            {
                                "name": "first_category_name",
                                "type": "STRING"
                            },
                            {
                                "name": "second_category_id",
                                "type": "int"
                            },
                            {
                                "name": "second_category_name",
                                "type": "STRING"
                            },
                            {
                                "name": "third_category_id",
                                "type": "int"
                            },
                            {
                                "name": "third_category_name",
                                "type": "STRING"
                            },
                            {
                                "name": "fourth_category_id",
                                "type": "int"
                            },
                            {
                                "name": "fourth_category_name",
                                "type": "STRING"
                            },
                            {
                                "name": "sub_category_ids",
                                "type": "STRING"
                            },
                            {
                                "name": "create_person",
                                "type": "STRING"
                            },
                            {
                                "name": "create_time",
                                "type": "timestamp"
                            },
                            {
                                "name": "update_person",
                                "type": "STRING"
                            },
                            {
                                "name": "update_time",
                                "type": "timestamp"
                            }
                        ],
                        "writeMode": "append",
                        "fieldDelimiter": "\t"
                    }
                }
            }
        ],
        "setting": {
            "speed": {
                "channel": 1
            }
        }
    }
}