{
    "job": {
        "content": [
            {
                "reader": {
                    "name": "mysqlreader",
                    "parameter": {
                        "column": [
                            "goods_code",
                            "goods_name",
                            "manu_name",
                            "goods_spec",
                            "goods_price",
                            "goods_brand",
                            "goods_img",
                            "goods_type",
                            "goods_code_img",
                            "remark",
                            "create_time",
                            "update_time"
                        ],
                        "connection": [
                            {
                                "jdbcUrl": [
                                    "jdbc:mysql://172.16.0.101:3306/db_goods_repository"
                                ],
                                "table": [
                                    "tb_goods_repository"
                                ]
                            }
                        ],
                        "username": "gaoguosheng",
                        "password": "gaoguosheng@useus",
                        "where": ""
                    }
                },
                "writer": {
                    "name": "hdfswriter",
                    "parameter": {
                        "defaultFS": "hdfs://172.16.90.1:9000",
                        "fileType": "text",
                        "path": "/user/hive/warehouse/db_statistics.db/tb_goods_repository",
                        "fileName": "tb_goods_repository2017-05-26",
                        "column": [
                            {
                                "name": "goods_code",
                                "type": "STRING"
                            },
                            {
                                "name": "goods_name",
                                "type": "STRING"
                            },
                            {
                                "name": "manu_name",
                                "type": "STRING"
                            },
                            {
                                "name": "goods_spec",
                                "type": "STRING"
                            },
                            {
                                "name": "goods_price",
                                "type": "DOUBLE"
                            },
                            {
                                "name": "goods_brand",
                                "type": "STRING"
                            },
                            {
                                "name": "goods_img",
                                "type": "STRING"
                            },
                            {
                                "name": "goods_type",
                                "type": "STRING"
                            },
                            {
                                "name": "goods_code_img",
                                "type": "STRING"
                            },
                            {
                                "name": "remark",
                                "type": "STRING"
                            },
                            {
                                "name": "create_time",
                                "type": "date"
                            },
                            {
                                "name": "update_time",
                                "type": "timestamp"
                            }
                        ],
                        "writeMode": "append",
                        "fieldDelimiter": "\t"
                    }
                }
            }
        ],
        "setting": {
            "speed": {
                "channel": 1
            }
        }
    }
}