{
    "job": {
        "content": [
            {
                "reader": {
                    "name": "mysqlreader",
                    "parameter": {
                        "column": [
                            "occupied_id",
                            "occupied_range",
                            "status",
                            "longitude",
                            "latitude",
                            "description",
                            "create_time",
                            "update_time"
                        ],
                        "connection": [
                            {
                                "jdbcUrl": [
                                    "jdbc:mysql://172.16.0.101:3306/db_terminal_occupied"
                                ],
                                "table": [
                                    "tb_occupied"
                                ]
                            }
                        ],
                        "username": "gaoguosheng",
                        "password": "gaoguosheng@useus",
                        "where": ""
                    }
                },
                "writer": {
                    "name": "hdfswriter",
                    "parameter": {
                        "defaultFS": "hdfs://172.16.90.1:9000",
                        "fileType": "text",
                        "path": "/user/hive/warehouse/db_statistics.db/tb_occupied",
                        "fileName": "tb_occupied2017-05-26",
                        "column": [
                            {
                                "name": "occupied_id",
                                "type": "STRING"
                            },
                            {
                                "name": "occupied_range",
                                "type": "DOUBLE"
                            },
                            {
                                "name": "status",
                                "type": "int"
                            },
                            {
                                "name": "longitude",
                                "type": "DOUBLE"
                            },
                            {
                                "name": "latitude",
                                "type": "DOUBLE"
                            },
                            {
                                "name": "description",
                                "type": "STRING"
                            },
                            {
                                "name": "create_time",
                                "type": "date"
                            },
                            {
                                "name": "update_time",
                                "type": "timestamp"
                            }
                        ],
                        "writeMode": "append",
                        "fieldDelimiter": "\t"
                    }
                }
            }
        ],
        "setting": {
            "speed": {
                "channel": 1
            }
        }
    }
}