{
    "job": {
        "content": [
            {
                "reader": {
                    "name": "mysqlreader",
                    "parameter": {
                        "column": [
                            "order_id",
                            "group_id",
                            "place_user_id",
                            "total_amount",
                            "commission_amount",
                            "total_commission_amount",
                            "total_commission_amount_by_distributor",
                            "total_commission_fee_by_distributor",
                            "total_commission_amount_subside_plateform",
                            "total_commission_profit",
                            "total_commission_amount_team",
                            "total_commission_amount_by_distributor_team",
                            "total_commission_amount_subside_plateform_team",
                            "penetration_fee_distributor",
                            "penetration_amount_subside_plateform",
                            "penetration_profit",
                            "total_penetration_amount",
                            "total_penetration_amount_by_distributor",
                            "total_penetration_fee_by_distributor",
                            "total_penetration_amount_subside_plateform",
                            "total_penetration_profit",
                            "total_penetration_amount_team",
                            "total_penetration_amount_by_distributor_team",
                            "total_penetration_amount_subside_plateform_team",
                            "give_free_content",
                            "goods_detail_number",
                            "over_view",
                            "status",
                            "create_time",
                            "expried_time",
                            "cancel_time",
                            "send_time",
                            "send_user_uid",
                            "send_user_name",
                            "send_user_tel",
                            "cancel_user_uid",
                            "cancel_user_name",
                            "cancel_user_tel",
                            "cancel_user_type",
                            "cancel_remark",
                            "order_remark",
                            "data_version",
                            "place_user_name",
                            "place_user_tel",
                            "place_user_name_pys",
                            "place_user_nick_name",
                            "place_user_nick_name_pys",
                            "place_user_id_type",
                            "place_user_identity",
                            "distributor_id",
                            "distributor_name",
                            "distributor_legal_name",
                            "distribution_range",
                            "distributor_status",
                            "distributor_country_code",
                            "distributor_district_code",
                            "distributor_province_code",
                            "distributor_city_code",
                            "distributor_region_code",
                            "distributor_country",
                            "distributor_district",
                            "distributor_province",
                            "distributor_city",
                            "distributor_region",
                            "distributor_details",
                            "distributor_longitude",
                            "distributor_latitude",
                            "distributor_tel",
                            "terminal_id",
                            "terminal_name",
                            "terminal_shopkeeper_mobile",
                            "terminal_shopkeeper_phone",
                            "terminal_shopkeeper_name",
                            "terminal_shop_picture",
                            "terminal_province_code",
                            "terminal_city_code",
                            "terminal_region_code",
                            "terminal_province",
                            "terminal_city",
                            "terminal_region",
                            "terminal_details",
                            "terminal_longitude",
                            "terminal_latitude",
                            "terminal_tel",
                            "terminal_description",
                            "terminal_first_spell",
                            "terminal_full_spell",
                            "terminal_add_uid",
                            "terminal_status",
                            "order_entry_type",
                            "team_id",
                            "team_name",
                            "team_job",
                            "team_creator_id",
                            "team_creator_name",
                            "team_proportion",
                            "fetch_total_penetration_amount",
                            "fetch_total_penetration_amount_by_distributor",
                            "fetch_total_penetration_fee_by_distributor",
                            "fetch_total_penetration_amount_subside_plateform",
                            "check_user_uid",
                            "check_time",
                            "check_remark",
                            "check_flag",
                            "receive_commission_money_time",
                            "receive_penetration_money_time",
                            "determinate_user_uid",
                            "determinate_time",
                            "determinate_finish_time",
                            "determinate_reason",
                            "determinate_remark",
                            "determinate_flag",
                            "update_time"
                        ],
                        "connection": [
                            {
                                "jdbcUrl": [
                                    "jdbc:mysql://172.16.0.101:3306/db_order_2016"
                                ],
                                "table": [
                                    "tb_order_20160622",
                                    "tb_order_20160629",
                                    "tb_order_20160630",
                                    "tb_order_20160701",
                                    "tb_order_20160702",
                                    "tb_order_20160703",
                                    "tb_order_20160704",
                                    "tb_order_20160705",
                                    "tb_order_20160706",
                                    "tb_order_20160707",
                                    "tb_order_20160708",
                                    "tb_order_20160709",
                                    "tb_order_20160710",
                                    "tb_order_20160711",
                                    "tb_order_20160712",
                                    "tb_order_20160713",
                                    "tb_order_20160714",
                                    "tb_order_20160715",
                                    "tb_order_20160716",
                                    "tb_order_20160717",
                                    "tb_order_20160718",
                                    "tb_order_20160719",
                                    "tb_order_20160720",
                                    "tb_order_20160721",
                                    "tb_order_20160722",
                                    "tb_order_20160723",
                                    "tb_order_20160724",
                                    "tb_order_20160725",
                                    "tb_order_20160726",
                                    "tb_order_20160727",
                                    "tb_order_20160728",
                                    "tb_order_20160729",
                                    "tb_order_20160730",
                                    "tb_order_20160731",
                                    "tb_order_20160801",
                                    "tb_order_20160803",
                                    "tb_order_20160804",
                                    "tb_order_20160805",
                                    "tb_order_20160806",
                                    "tb_order_20160807",
                                    "tb_order_20160808",
                                    "tb_order_20160809",
                                    "tb_order_20160810",
                                    "tb_order_20160811",
                                    "tb_order_20160812",
                                    "tb_order_20160813",
                                    "tb_order_20160814",
                                    "tb_order_20160815",
                                    "tb_order_20160816",
                                    "tb_order_20160817",
                                    "tb_order_20160818",
                                    "tb_order_20160819",
                                    "tb_order_20160820",
                                    "tb_order_20160821",
                                    "tb_order_20160822",
                                    "tb_order_20160823",
                                    "tb_order_20160824",
                                    "tb_order_20160825",
                                    "tb_order_20160826",
                                    "tb_order_20160827",
                                    "tb_order_20160828",
                                    "tb_order_20160829",
                                    "tb_order_20160830",
                                    "tb_order_20160831",
                                    "tb_order_20160901",
                                    "tb_order_20160902",
                                    "tb_order_20160903",
                                    "tb_order_20160904",
                                    "tb_order_20160905",
                                    "tb_order_20160906",
                                    "tb_order_20160908",
                                    "tb_order_20160909",
                                    "tb_order_20160910",
                                    "tb_order_20160911",
                                    "tb_order_20160912",
                                    "tb_order_20160913",
                                    "tb_order_20160914",
                                    "tb_order_20160915",
                                    "tb_order_20160916",
                                    "tb_order_20160917",
                                    "tb_order_20160918",
                                    "tb_order_20160919",
                                    "tb_order_20160920",
                                    "tb_order_20160921",
                                    "tb_order_20160922",
                                    "tb_order_20160923",
                                    "tb_order_20160924",
                                    "tb_order_20160925",
                                    "tb_order_20160926",
                                    "tb_order_20160927",
                                    "tb_order_20160928",
                                    "tb_order_20160929",
                                    "tb_order_20160930",
                                    "tb_order_20161001",
                                    "tb_order_20161002",
                                    "tb_order_20161003",
                                    "tb_order_20161004",
                                    "tb_order_20161005",
                                    "tb_order_20161006",
                                    "tb_order_20161007",
                                    "tb_order_20161008",
                                    "tb_order_20161009",
                                    "tb_order_20161010",
                                    "tb_order_20161011",
                                    "tb_order_20161012",
                                    "tb_order_20161013",
                                    "tb_order_20161014",
                                    "tb_order_20161015",
                                    "tb_order_20161016",
                                    "tb_order_20161017",
                                    "tb_order_20161018",
                                    "tb_order_20161019",
                                    "tb_order_20161020",
                                    "tb_order_20161021",
                                    "tb_order_20161022",
                                    "tb_order_20161023",
                                    "tb_order_20161024",
                                    "tb_order_20161025",
                                    "tb_order_20161026",
                                    "tb_order_20161027",
                                    "tb_order_20161028",
                                    "tb_order_20161029",
                                    "tb_order_20161030",
                                    "tb_order_20161031",
                                    "tb_order_20161101",
                                    "tb_order_20161102",
                                    "tb_order_20161103",
                                    "tb_order_20161104",
                                    "tb_order_20161105",
                                    "tb_order_20161106",
                                    "tb_order_20161107",
                                    "tb_order_20161108",
                                    "tb_order_20161109",
                                    "tb_order_20161110",
                                    "tb_order_20161111",
                                    "tb_order_20161112",
                                    "tb_order_20161113",
                                    "tb_order_20161114",
                                    "tb_order_20161115",
                                    "tb_order_20161116",
                                    "tb_order_20161117",
                                    "tb_order_20161118",
                                    "tb_order_20161119",
                                    "tb_order_20161120",
                                    "tb_order_20161121",
                                    "tb_order_20161122",
                                    "tb_order_20161123",
                                    "tb_order_20161124",
                                    "tb_order_20161125",
                                    "tb_order_20161126",
                                    "tb_order_20161127",
                                    "tb_order_20161128",
                                    "tb_order_20161129",
                                    "tb_order_20161130",
                                    "tb_order_20161201",
                                    "tb_order_20161202",
                                    "tb_order_20161203",
                                    "tb_order_20161204",
                                    "tb_order_20161205",
                                    "tb_order_20161206",
                                    "tb_order_20161207",
                                    "tb_order_20161208",
                                    "tb_order_20161209",
                                    "tb_order_20161210",
                                    "tb_order_20161211",
                                    "tb_order_20161212",
                                    "tb_order_20161213",
                                    "tb_order_20161214",
                                    "tb_order_20161215",
                                    "tb_order_20161216",
                                    "tb_order_20161217",
                                    "tb_order_20161218",
                                    "tb_order_20161219",
                                    "tb_order_20161220",
                                    "tb_order_20161221",
                                    "tb_order_20161222",
                                    "tb_order_20161223",
                                    "tb_order_20161224",
                                    "tb_order_20161225",
                                    "tb_order_20161226",
                                    "tb_order_20161227",
                                    "tb_order_20161228",
                                    "tb_order_20161229",
                                    "tb_order_20161230",
                                    "tb_order_20161231"
                                ]
                            }
                        ],
                        "username": "gaoguosheng",
                        "password": "gaoguosheng@useus",
                        "where": ""
                    }
                },
                "writer": {
                    "name": "mysqlwriter",
                    "parameter": {
                        "column": [
                            "order_id",
                            "group_id",
                            "place_user_id",
                            "total_amount",
                            "commission_amount",
                            "total_commission_amount",
                            "total_commission_amount_by_distributor",
                            "total_commission_fee_by_distributor",
                            "total_commission_amount_subside_plateform",
                            "total_commission_profit",
                            "total_commission_amount_team",
                            "total_commission_amount_by_distributor_team",
                            "total_commission_amount_subside_plateform_team",
                            "penetration_fee_distributor",
                            "penetration_amount_subside_plateform",
                            "penetration_profit",
                            "total_penetration_amount",
                            "total_penetration_amount_by_distributor",
                            "total_penetration_fee_by_distributor",
                            "total_penetration_amount_subside_plateform",
                            "total_penetration_profit",
                            "total_penetration_amount_team",
                            "total_penetration_amount_by_distributor_team",
                            "total_penetration_amount_subside_plateform_team",
                            "give_free_content",
                            "goods_detail_number",
                            "over_view",
                            "status",
                            "create_time",
                            "expried_time",
                            "cancel_time",
                            "send_time",
                            "send_user_uid",
                            "send_user_name",
                            "send_user_tel",
                            "cancel_user_uid",
                            "cancel_user_name",
                            "cancel_user_tel",
                            "cancel_user_type",
                            "cancel_remark",
                            "order_remark",
                            "data_version",
                            "place_user_name",
                            "place_user_tel",
                            "place_user_name_pys",
                            "place_user_nick_name",
                            "place_user_nick_name_pys",
                            "place_user_id_type",
                            "place_user_identity",
                            "distributor_id",
                            "distributor_name",
                            "distributor_legal_name",
                            "distribution_range",
                            "distributor_status",
                            "distributor_country_code",
                            "distributor_district_code",
                            "distributor_province_code",
                            "distributor_city_code",
                            "distributor_region_code",
                            "distributor_country",
                            "distributor_district",
                            "distributor_province",
                            "distributor_city",
                            "distributor_region",
                            "distributor_details",
                            "distributor_longitude",
                            "distributor_latitude",
                            "distributor_tel",
                            "terminal_id",
                            "terminal_name",
                            "terminal_shopkeeper_mobile",
                            "terminal_shopkeeper_phone",
                            "terminal_shopkeeper_name",
                            "terminal_shop_picture",
                            "terminal_province_code",
                            "terminal_city_code",
                            "terminal_region_code",
                            "terminal_province",
                            "terminal_city",
                            "terminal_region",
                            "terminal_details",
                            "terminal_longitude",
                            "terminal_latitude",
                            "terminal_tel",
                            "terminal_description",
                            "terminal_first_spell",
                            "terminal_full_spell",
                            "terminal_add_uid",
                            "terminal_status",
                            "order_entry_type",
                            "team_id",
                            "team_name",
                            "team_job",
                            "team_creator_id",
                            "team_creator_name",
                            "team_proportion",
                            "fetch_total_penetration_amount",
                            "fetch_total_penetration_amount_by_distributor",
                            "fetch_total_penetration_fee_by_distributor",
                            "fetch_total_penetration_amount_subside_plateform",
                            "check_user_uid",
                            "check_time",
                            "check_remark",
                            "check_flag",
                            "receive_commission_money_time",
                            "receive_penetration_money_time",
                            "determinate_user_uid",
                            "determinate_time",
                            "determinate_finish_time",
                            "determinate_reason",
                            "determinate_remark",
                            "determinate_flag",
                            "update_time"
                        ],
                        "connection": [
                            {
                                "jdbcUrl": "jdbc:mysql://172.16.0.101:3306/db_boss",
                                "table": [
                                    "tb_order"
                                ]
                            }
                        ],
                        "preSql": [
                            " TRUNCATE TABLE tb_order;"
                        ],
                        "session": [],
                        "username": "gaoguosheng",
                        "password": "gaoguosheng@useus",
                        "writeMode": "insert"
                    }
                }
            }
        ],
        "setting": {
            "speed": {
                "channel": 1
            }
        }
    }
}