{
    "job": {
        "content": [
            {
                "reader": {
                    "name": "mysqlreader",
                    "parameter": {
                        "column": [
                            "order_id",
                            "group_id",
                            "price",
                            "buy_number",
                            "give_free_number",
                            "amount",
                            "commission_amount",
                            "commission_amount_distributor",
                            "commission_fee_distributor",
                            "commission_amount_subside_plateform",
                            "commission_profit",
                            "commission_amount_team",
                            "commission_amount_distributor_team",
                            "commission_amount_by_distributor_team",
                            "commission_amount_subside_plateform_team",
                            "give_free_content",
                            "is_penetration",
                            "penetration_amount",
                            "penetration_amount_distributor",
                            "penetration_fee_distributor",
                            "penetration_amount_subside_plateform",
                            "penetration_profit",
                            "penetration_amount_team",
                            "penetration_amount_distributor_team",
                            "penetration_amount_by_distributor_team",
                            "penetration_amount_subside_plateform_team",
                            "fetch_penetration_amount",
                            "fetch_penetration_amount_distributor",
                            "fetch_penetration_fee_distributor",
                            "fetch_penetration_amount_subside_plateform",
                            "check_remark",
                            "check_flag",
                            "goods_id",
                            "goods_name",
                            "goods_category",
                            "goods_brand",
                            "goods_code",
                            "goods_sale_spec",
                            "goods_price",
                            "goods_pic",
                            "goods_gift",
                            "retail_goods_name",
                            "retail_goods_code",
                            "retail_spec",
                            "unit_capacity",
                            "unit_package_number",
                            "goods_version",
                            "update_time"
                        ],
                        "connection": [
                            {
                                "jdbcUrl": [
                                    "jdbc:mysql://172.16.0.101:3306/db_order_2016"
                                ],
                                "table": [
                                    "tb_order_goods_detail_20160622",
                                    "tb_order_goods_detail_20160629",
                                    "tb_order_goods_detail_20160630",
                                    "tb_order_goods_detail_20160701",
                                    "tb_order_goods_detail_20160702",
                                    "tb_order_goods_detail_20160703",
                                    "tb_order_goods_detail_20160704",
                                    "tb_order_goods_detail_20160705",
                                    "tb_order_goods_detail_20160706",
                                    "tb_order_goods_detail_20160707",
                                    "tb_order_goods_detail_20160708",
                                    "tb_order_goods_detail_20160709",
                                    "tb_order_goods_detail_20160710",
                                    "tb_order_goods_detail_20160711",
                                    "tb_order_goods_detail_20160712",
                                    "tb_order_goods_detail_20160713",
                                    "tb_order_goods_detail_20160714",
                                    "tb_order_goods_detail_20160715",
                                    "tb_order_goods_detail_20160716",
                                    "tb_order_goods_detail_20160717",
                                    "tb_order_goods_detail_20160718",
                                    "tb_order_goods_detail_20160719",
                                    "tb_order_goods_detail_20160720",
                                    "tb_order_goods_detail_20160721",
                                    "tb_order_goods_detail_20160722",
                                    "tb_order_goods_detail_20160723",
                                    "tb_order_goods_detail_20160724",
                                    "tb_order_goods_detail_20160725",
                                    "tb_order_goods_detail_20160726",
                                    "tb_order_goods_detail_20160727",
                                    "tb_order_goods_detail_20160728",
                                    "tb_order_goods_detail_20160729",
                                    "tb_order_goods_detail_20160730",
                                    "tb_order_goods_detail_20160731",
                                    "tb_order_goods_detail_20160801",
                                    "tb_order_goods_detail_20160803",
                                    "tb_order_goods_detail_20160804",
                                    "tb_order_goods_detail_20160805",
                                    "tb_order_goods_detail_20160806",
                                    "tb_order_goods_detail_20160807",
                                    "tb_order_goods_detail_20160808",
                                    "tb_order_goods_detail_20160809",
                                    "tb_order_goods_detail_20160810",
                                    "tb_order_goods_detail_20160811",
                                    "tb_order_goods_detail_20160812",
                                    "tb_order_goods_detail_20160813",
                                    "tb_order_goods_detail_20160814",
                                    "tb_order_goods_detail_20160815",
                                    "tb_order_goods_detail_20160816",
                                    "tb_order_goods_detail_20160817",
                                    "tb_order_goods_detail_20160818",
                                    "tb_order_goods_detail_20160819",
                                    "tb_order_goods_detail_20160820",
                                    "tb_order_goods_detail_20160821",
                                    "tb_order_goods_detail_20160822",
                                    "tb_order_goods_detail_20160823",
                                    "tb_order_goods_detail_20160824",
                                    "tb_order_goods_detail_20160825",
                                    "tb_order_goods_detail_20160826",
                                    "tb_order_goods_detail_20160827",
                                    "tb_order_goods_detail_20160828",
                                    "tb_order_goods_detail_20160829",
                                    "tb_order_goods_detail_20160830",
                                    "tb_order_goods_detail_20160831",
                                    "tb_order_goods_detail_20160901",
                                    "tb_order_goods_detail_20160902",
                                    "tb_order_goods_detail_20160903",
                                    "tb_order_goods_detail_20160904",
                                    "tb_order_goods_detail_20160905",
                                    "tb_order_goods_detail_20160906",
                                    "tb_order_goods_detail_20160908",
                                    "tb_order_goods_detail_20160909",
                                    "tb_order_goods_detail_20160910",
                                    "tb_order_goods_detail_20160911",
                                    "tb_order_goods_detail_20160912",
                                    "tb_order_goods_detail_20160913",
                                    "tb_order_goods_detail_20160914",
                                    "tb_order_goods_detail_20160915",
                                    "tb_order_goods_detail_20160916",
                                    "tb_order_goods_detail_20160917",
                                    "tb_order_goods_detail_20160918",
                                    "tb_order_goods_detail_20160919",
                                    "tb_order_goods_detail_20160920",
                                    "tb_order_goods_detail_20160921",
                                    "tb_order_goods_detail_20160922",
                                    "tb_order_goods_detail_20160923",
                                    "tb_order_goods_detail_20160924",
                                    "tb_order_goods_detail_20160925",
                                    "tb_order_goods_detail_20160926",
                                    "tb_order_goods_detail_20160927",
                                    "tb_order_goods_detail_20160928",
                                    "tb_order_goods_detail_20160929",
                                    "tb_order_goods_detail_20160930",
                                    "tb_order_goods_detail_20161001",
                                    "tb_order_goods_detail_20161002",
                                    "tb_order_goods_detail_20161003",
                                    "tb_order_goods_detail_20161004",
                                    "tb_order_goods_detail_20161005",
                                    "tb_order_goods_detail_20161006",
                                    "tb_order_goods_detail_20161007",
                                    "tb_order_goods_detail_20161008",
                                    "tb_order_goods_detail_20161009",
                                    "tb_order_goods_detail_20161010",
                                    "tb_order_goods_detail_20161011",
                                    "tb_order_goods_detail_20161012",
                                    "tb_order_goods_detail_20161013",
                                    "tb_order_goods_detail_20161014",
                                    "tb_order_goods_detail_20161015",
                                    "tb_order_goods_detail_20161016",
                                    "tb_order_goods_detail_20161017",
                                    "tb_order_goods_detail_20161018",
                                    "tb_order_goods_detail_20161019",
                                    "tb_order_goods_detail_20161020",
                                    "tb_order_goods_detail_20161021",
                                    "tb_order_goods_detail_20161022",
                                    "tb_order_goods_detail_20161023",
                                    "tb_order_goods_detail_20161024",
                                    "tb_order_goods_detail_20161025",
                                    "tb_order_goods_detail_20161026",
                                    "tb_order_goods_detail_20161027",
                                    "tb_order_goods_detail_20161028",
                                    "tb_order_goods_detail_20161029",
                                    "tb_order_goods_detail_20161030",
                                    "tb_order_goods_detail_20161031",
                                    "tb_order_goods_detail_20161101",
                                    "tb_order_goods_detail_20161102",
                                    "tb_order_goods_detail_20161103",
                                    "tb_order_goods_detail_20161104",
                                    "tb_order_goods_detail_20161105",
                                    "tb_order_goods_detail_20161106",
                                    "tb_order_goods_detail_20161107",
                                    "tb_order_goods_detail_20161108",
                                    "tb_order_goods_detail_20161109",
                                    "tb_order_goods_detail_20161110",
                                    "tb_order_goods_detail_20161111",
                                    "tb_order_goods_detail_20161112",
                                    "tb_order_goods_detail_20161113",
                                    "tb_order_goods_detail_20161114",
                                    "tb_order_goods_detail_20161115",
                                    "tb_order_goods_detail_20161116",
                                    "tb_order_goods_detail_20161117",
                                    "tb_order_goods_detail_20161118",
                                    "tb_order_goods_detail_20161119",
                                    "tb_order_goods_detail_20161120",
                                    "tb_order_goods_detail_20161121",
                                    "tb_order_goods_detail_20161122",
                                    "tb_order_goods_detail_20161123",
                                    "tb_order_goods_detail_20161124",
                                    "tb_order_goods_detail_20161125",
                                    "tb_order_goods_detail_20161126",
                                    "tb_order_goods_detail_20161127",
                                    "tb_order_goods_detail_20161128",
                                    "tb_order_goods_detail_20161129",
                                    "tb_order_goods_detail_20161130",
                                    "tb_order_goods_detail_20161201",
                                    "tb_order_goods_detail_20161202",
                                    "tb_order_goods_detail_20161203",
                                    "tb_order_goods_detail_20161204",
                                    "tb_order_goods_detail_20161205",
                                    "tb_order_goods_detail_20161206",
                                    "tb_order_goods_detail_20161207",
                                    "tb_order_goods_detail_20161208",
                                    "tb_order_goods_detail_20161209",
                                    "tb_order_goods_detail_20161210",
                                    "tb_order_goods_detail_20161211",
                                    "tb_order_goods_detail_20161212",
                                    "tb_order_goods_detail_20161213",
                                    "tb_order_goods_detail_20161214",
                                    "tb_order_goods_detail_20161215",
                                    "tb_order_goods_detail_20161216",
                                    "tb_order_goods_detail_20161217",
                                    "tb_order_goods_detail_20161218",
                                    "tb_order_goods_detail_20161219",
                                    "tb_order_goods_detail_20161220",
                                    "tb_order_goods_detail_20161221",
                                    "tb_order_goods_detail_20161222",
                                    "tb_order_goods_detail_20161223",
                                    "tb_order_goods_detail_20161224",
                                    "tb_order_goods_detail_20161225",
                                    "tb_order_goods_detail_20161226",
                                    "tb_order_goods_detail_20161227",
                                    "tb_order_goods_detail_20161228",
                                    "tb_order_goods_detail_20161229",
                                    "tb_order_goods_detail_20161230",
                                    "tb_order_goods_detail_20161231"
                                ]
                            }
                        ],
                        "username": "gaoguosheng",
                        "password": "gaoguosheng@useus",
                        "where": ""
                    }
                },
                "writer": {
                    "name": "mysqlwriter",
                    "parameter": {
                        "column": [
                            "order_id",
                            "group_id",
                            "price",
                            "buy_number",
                            "give_free_number",
                            "amount",
                            "commission_amount",
                            "commission_amount_distributor",
                            "commission_fee_distributor",
                            "commission_amount_subside_plateform",
                            "commission_profit",
                            "commission_amount_team",
                            "commission_amount_distributor_team",
                            "commission_amount_by_distributor_team",
                            "commission_amount_subside_plateform_team",
                            "give_free_content",
                            "is_penetration",
                            "penetration_amount",
                            "penetration_amount_distributor",
                            "penetration_fee_distributor",
                            "penetration_amount_subside_plateform",
                            "penetration_profit",
                            "penetration_amount_team",
                            "penetration_amount_distributor_team",
                            "penetration_amount_by_distributor_team",
                            "penetration_amount_subside_plateform_team",
                            "fetch_penetration_amount",
                            "fetch_penetration_amount_distributor",
                            "fetch_penetration_fee_distributor",
                            "fetch_penetration_amount_subside_plateform",
                            "check_remark",
                            "check_flag",
                            "goods_id",
                            "goods_name",
                            "goods_category",
                            "goods_brand",
                            "goods_code",
                            "goods_sale_spec",
                            "goods_price",
                            "goods_pic",
                            "goods_gift",
                            "retail_goods_name",
                            "retail_goods_code",
                            "retail_spec",
                            "unit_capacity",
                            "unit_package_number",
                            "goods_version",
                            "update_time"
                        ],
                        "connection": [
                            {
                                "jdbcUrl": "jdbc:mysql://172.16.0.101:3306/db_boss",
                                "table": [
                                    "tb_order_goods_detail"
                                ]
                            }
                        ],
                        "preSql": [
                            " TRUNCATE TABLE tb_order_goods_detail;"
                        ],
                        "session": [],
                        "username": "gaoguosheng",
                        "password": "gaoguosheng@useus",
                        "writeMode": "insert"
                    }
                }
            }
        ],
        "setting": {
            "speed": {
                "channel": 1
            }
        }
    }
}