{
    "job": {
        "content": [
            {
                "reader": {
                    "name": "mysqlreader",
                    "parameter": {
                        "column": [
                            "id",
                            "distributor_id",
                            "distributor_name",
                            "legal_name",
                            "manager_name",
                            "manager_uid",
                            "op_uid",
                            "op_name",
                            "user_uid",
                            "user_name",
                            "user_account",
                            "distribution_range",
                            "points",
                            "status",
                            "lbs_status",
                            "country_code",
                            "district_code",
                            "province_code",
                            "city_code",
                            "region_code",
                            "country",
                            "district",
                            "province",
                            "city",
                            "region",
                            "details",
                            "longitude",
                            "latitude",
                            "description",
                            "can_shield_terminal",
                            "create_time",
                            "update_time",
                            "balance_status"
                        ],
                        "connection": [
                            {
                                "jdbcUrl": [
                                    "jdbc:mysql://172.16.0.101:3306/db_distributor"
                                ],
                                "table": [
                                    "tb_distributor"
                                ]
                            }
                        ],
                        "username": "gaoguosheng",
                        "password": "gaoguosheng@useus",
                        "where": ""
                    }
                },
                "writer": {
                    "name": "hdfswriter",
                    "parameter": {
                        "defaultFS": "hdfs://172.16.90.1:9000",
                        "fileType": "text",
                        "path": "/user/hive/warehouse/db_statistics.db/tb_distributor",
                        "fileName": "tb_distributor2017-05-26",
                        "column": [
                            {
                                "name": "id",
                                "type": "bigint"
                            },
                            {
                                "name": "distributor_id",
                                "type": "STRING"
                            },
                            {
                                "name": "distributor_name",
                                "type": "STRING"
                            },
                            {
                                "name": "legal_name",
                                "type": "STRING"
                            },
                            {
                                "name": "manager_name",
                                "type": "STRING"
                            },
                            {
                                "name": "manager_uid",
                                "type": "STRING"
                            },
                            {
                                "name": "op_uid",
                                "type": "STRING"
                            },
                            {
                                "name": "op_name",
                                "type": "STRING"
                            },
                            {
                                "name": "user_uid",
                                "type": "STRING"
                            },
                            {
                                "name": "user_name",
                                "type": "STRING"
                            },
                            {
                                "name": "user_account",
                                "type": "STRING"
                            },
                            {
                                "name": "distribution_range",
                                "type": "int"
                            },
                            {
                                "name": "points",
                                "type": "STRING"
                            },
                            {
                                "name": "status",
                                "type": "int"
                            },
                            {
                                "name": "lbs_status",
                                "type": "int"
                            },
                            {
                                "name": "country_code",
                                "type": "int"
                            },
                            {
                                "name": "district_code",
                                "type": "int"
                            },
                            {
                                "name": "province_code",
                                "type": "int"
                            },
                            {
                                "name": "city_code",
                                "type": "int"
                            },
                            {
                                "name": "region_code",
                                "type": "int"
                            },
                            {
                                "name": "country",
                                "type": "STRING"
                            },
                            {
                                "name": "district",
                                "type": "STRING"
                            },
                            {
                                "name": "province",
                                "type": "STRING"
                            },
                            {
                                "name": "city",
                                "type": "STRING"
                            },
                            {
                                "name": "region",
                                "type": "STRING"
                            },
                            {
                                "name": "details",
                                "type": "STRING"
                            },
                            {
                                "name": "longitude",
                                "type": "DOUBLE"
                            },
                            {
                                "name": "latitude",
                                "type": "DOUBLE"
                            },
                            {
                                "name": "description",
                                "type": "STRING"
                            },
                            {
                                "name": "can_shield_terminal",
                                "type": "int"
                            },
                            {
                                "name": "create_time",
                                "type": "date"
                            },
                            {
                                "name": "update_time",
                                "type": "timestamp"
                            },
                            {
                                "name": "balance_status",
                                "type": "int"
                            }
                        ],
                        "writeMode": "append",
                        "fieldDelimiter": "\t"
                    }
                }
            }
        ],
        "setting": {
            "speed": {
                "channel": 1
            }
        }
    }
}