{
    "job": {
        "content": [
            {
                "reader": {
                    "name": "mysqlreader",
                    "parameter": {
                        "column": [
                            "distributor_id",
                            "goods_id",
                            "goods_price",
                            "commission",
                            "sales_commission",
                            "penetration_amount",
                            "sales_penetration",
                            "goods_gift",
                            "sellout_status",
                            "create_time",
                            "update_time",
                            "distributor_pay_commission",
                            "distributor_commission",
                            "platform_subsidy_commission",
                            "platform_commission_profit",
                            "distributor_pay_penetration",
                            "distributor_penetration",
                            "platform_subsidy_penetration",
                            "platform_penetration_profit"
                        ],
                        "connection": [
                            {
                                "jdbcUrl": [
                                    "jdbc:mysql://172.16.0.101:3306/db_distributor"
                                ],
                                "table": [
                                    "tb_goods"
                                ]
                            }
                        ],
                        "username": "gaoguosheng",
                        "password": "gaoguosheng@useus",
                        "where": ""
                    }
                },
                "writer": {
                    "name": "hdfswriter",
                    "parameter": {
                        "defaultFS": "hdfs://172.16.90.1:9000",
                        "fileType": "text",
                        "path": "/user/hive/warehouse/db_statistics.db/tb_goods",
                        "fileName": "tb_goods2017-05-26",
                        "column": [
                            {
                                "name": "distributor_id",
                                "type": "STRING"
                            },
                            {
                                "name": "goods_id",
                                "type": "STRING"
                            },
                            {
                                "name": "goods_price",
                                "type": "DOUBLE"
                            },
                            {
                                "name": "commission",
                                "type": "DOUBLE"
                            },
                            {
                                "name": "sales_commission",
                                "type": "DOUBLE"
                            },
                            {
                                "name": "penetration_amount",
                                "type": "DOUBLE"
                            },
                            {
                                "name": "sales_penetration",
                                "type": "DOUBLE"
                            },
                            {
                                "name": "goods_gift",
                                "type": "STRING"
                            },
                            {
                                "name": "sellout_status",
                                "type": "int"
                            },
                            {
                                "name": "create_time",
                                "type": "date"
                            },
                            {
                                "name": "update_time",
                                "type": "timestamp"
                            },
                            {
                                "name": "distributor_pay_commission",
                                "type": "DOUBLE"
                            },
                            {
                                "name": "distributor_commission",
                                "type": "DOUBLE"
                            },
                            {
                                "name": "platform_subsidy_commission",
                                "type": "DOUBLE"
                            },
                            {
                                "name": "platform_commission_profit",
                                "type": "DOUBLE"
                            },
                            {
                                "name": "distributor_pay_penetration",
                                "type": "DOUBLE"
                            },
                            {
                                "name": "distributor_penetration",
                                "type": "DOUBLE"
                            },
                            {
                                "name": "platform_subsidy_penetration",
                                "type": "DOUBLE"
                            },
                            {
                                "name": "platform_penetration_profit",
                                "type": "DOUBLE"
                            }
                        ],
                        "writeMode": "append",
                        "fieldDelimiter": "\t"
                    }
                }
            }
        ],
        "setting": {
            "speed": {
                "channel": 1
            }
        }
    }
}