{
    "job": {
        "content": [
            {
                "reader": {
                    "name": "mysqlreader",
                    "parameter": {
                        "column": [
                            "distributor_id",
                            "user_id",
                            "expiring_order_amount",
                            "unfilled_order_amount",
                            "statistic_day",
                            "create_time",
                            "send_status",
                            "update_time"
                        ],
                        "connection": [
                            {
                                "jdbcUrl": [
                                    "jdbc:mysql://172.16.0.101:3306/db_distributor"
                                ],
                                "table": [
                                    "tb_distributor_order"
                                ]
                            }
                        ],
                        "username": "gaoguosheng",
                        "password": "gaoguosheng@useus",
                        "where": ""
                    }
                },
                "writer": {
                    "name": "hdfswriter",
                    "parameter": {
                        "defaultFS": "hdfs://172.16.90.1:9000",
                        "fileType": "text",
                        "path": "/user/hive/warehouse/db_statistics.db/tb_distributor_order",
                        "fileName": "tb_distributor_order2017-05-26",
                        "column": [
                            {
                                "name": "distributor_id",
                                "type": "STRING"
                            },
                            {
                                "name": "user_id",
                                "type": "STRING"
                            },
                            {
                                "name": "expiring_order_amount",
                                "type": "int"
                            },
                            {
                                "name": "unfilled_order_amount",
                                "type": "int"
                            },
                            {
                                "name": "statistic_day",
                                "type": "date"
                            },
                            {
                                "name": "create_time",
                                "type": "date"
                            },
                            {
                                "name": "send_status",
                                "type": "int"
                            },
                            {
                                "name": "update_time",
                                "type": "timestamp"
                            }
                        ],
                        "writeMode": "append",
                        "fieldDelimiter": "\t"
                    }
                }
            }
        ],
        "setting": {
            "speed": {
                "channel": 1
            }
        }
    }
}