{
    "job": {
        "content": [
            {
                "reader": {
                    "name": "mysqlreader",
                    "parameter": {
                        "column": [
                            "category_id",
                            "category_name",
                            "category_level",
                            "first_category_id",
                            "first_category_name",
                            "second_category_id",
                            "second_category_name",
                            "third_category_id",
                            "third_category_name",
                            "fourth_category_id",
                            "fourth_category_name",
                            "sub_category_ids",
                            "create_person",
                            "create_time",
                            "update_person",
                            "update_time"
                        ],
                        "connection": [
                            {
                                "jdbcUrl": [
                                    "jdbc:mysql://172.16.0.101:3306/db_goods"
                                ],
                                "table": [
                                    "tb_category"
                                ]
                            }
                        ],
                        "username": "gaoguosheng",
                        "password": "gaoguosheng@useus",
                        "where": ""
                    }
                },
                "writer": {
                    "name": "mysqlwriter",
                    "parameter": {
                        "column": [
                            "category_id",
                            "category_name",
                            "category_level",
                            "first_category_id",
                            "first_category_name",
                            "second_category_id",
                            "second_category_name",
                            "third_category_id",
                            "third_category_name",
                            "fourth_category_id",
                            "fourth_category_name",
                            "sub_category_ids",
                            "create_person",
                            "create_time",
                            "update_person",
                            "update_time"
                        ],
                        "connection": [
                            {
                                "jdbcUrl": "jdbc:mysql://172.16.0.101:3306/db_boss",
                                "table": [
                                    "tb_category"
                                ]
                            }
                        ],
                        "preSql": [
                            " TRUNCATE TABLE tb_category;"
                        ],
                        "session": [],
                        "username": "gaoguosheng",
                        "password": "gaoguosheng@useus",
                        "writeMode": "insert"
                    }
                }
            }
        ],
        "setting": {
            "speed": {
                "channel": 1
            }
        }
    }
}