{
    "job": {
        "content": [
            {
                "reader": {
                    "name": "mysqlreader",
                    "parameter": {
                        "column": [
                            "id",
                            "distributor_id",
                            "distributor_name",
                            "legal_name",
                            "manager_name",
                            "manager_uid",
                            "op_uid",
                            "op_name",
                            "user_uid",
                            "user_name",
                            "user_account",
                            "distribution_range",
                            "points",
                            "status",
                            "lbs_status",
                            "country_code",
                            "district_code",
                            "province_code",
                            "city_code",
                            "region_code",
                            "country",
                            "district",
                            "province",
                            "city",
                            "region",
                            "details",
                            "longitude",
                            "latitude",
                            "description",
                            "can_shield_terminal",
                            "create_time",
                            "update_time",
                            "balance_status"
                        ],
                        "connection": [
                            {
                                "jdbcUrl": [
                                    "jdbc:mysql://172.16.0.101:3306/db_distributor"
                                ],
                                "table": [
                                    "tb_distributor"
                                ]
                            }
                        ],
                        "username": "gaoguosheng",
                        "password": "gaoguosheng@useus",
                        "where": ""
                    }
                },
                "writer": {
                    "name": "mysqlwriter",
                    "parameter": {
                        "column": [
                            "id",
                            "distributor_id",
                            "distributor_name",
                            "legal_name",
                            "manager_name",
                            "manager_uid",
                            "op_uid",
                            "op_name",
                            "user_uid",
                            "user_name",
                            "user_account",
                            "distribution_range",
                            "points",
                            "status",
                            "lbs_status",
                            "country_code",
                            "district_code",
                            "province_code",
                            "city_code",
                            "region_code",
                            "country",
                            "district",
                            "province",
                            "city",
                            "region",
                            "details",
                            "longitude",
                            "latitude",
                            "description",
                            "can_shield_terminal",
                            "create_time",
                            "update_time",
                            "balance_status"
                        ],
                        "connection": [
                            {
                                "jdbcUrl": "jdbc:mysql://172.16.0.101:3306/db_boss",
                                "table": [
                                    "tb_distributor"
                                ]
                            }
                        ],
                        "preSql": [
                            " TRUNCATE TABLE tb_distributor;"
                        ],
                        "session": [],
                        "username": "gaoguosheng",
                        "password": "gaoguosheng@useus",
                        "writeMode": "insert"
                    }
                }
            }
        ],
        "setting": {
            "speed": {
                "channel": 1
            }
        }
    }
}