{
    "job": {
        "content": [
            {
                "reader": {
                    "name": "mysqlreader",
                    "parameter": {
                        "column": [
                            "distributor_id",
                            "goods_id",
                            "goods_price",
                            "commission",
                            "sales_commission",
                            "penetration_amount",
                            "sales_penetration",
                            "goods_gift",
                            "sellout_status",
                            "create_time",
                            "update_time",
                            "distributor_pay_commission",
                            "distributor_commission",
                            "platform_subsidy_commission",
                            "platform_commission_profit",
                            "distributor_pay_penetration",
                            "distributor_penetration",
                            "platform_subsidy_penetration",
                            "platform_penetration_profit"
                        ],
                        "connection": [
                            {
                                "jdbcUrl": [
                                    "jdbc:mysql://172.16.0.101:3306/db_distributor"
                                ],
                                "table": [
                                    "tb_goods"
                                ]
                            }
                        ],
                        "username": "gaoguosheng",
                        "password": "gaoguosheng@useus",
                        "where": ""
                    }
                },
                "writer": {
                    "name": "mysqlwriter",
                    "parameter": {
                        "column": [
                            "distributor_id",
                            "goods_id",
                            "goods_price",
                            "commission",
                            "sales_commission",
                            "penetration_amount",
                            "sales_penetration",
                            "goods_gift",
                            "sellout_status",
                            "create_time",
                            "update_time",
                            "distributor_pay_commission",
                            "distributor_commission",
                            "platform_subsidy_commission",
                            "platform_commission_profit",
                            "distributor_pay_penetration",
                            "distributor_penetration",
                            "platform_subsidy_penetration",
                            "platform_penetration_profit"
                        ],
                        "connection": [
                            {
                                "jdbcUrl": "jdbc:mysql://172.16.0.101:3306/db_boss",
                                "table": [
                                    "tb_goods"
                                ]
                            }
                        ],
                        "preSql": [
                            " TRUNCATE TABLE tb_goods;"
                        ],
                        "session": [],
                        "username": "gaoguosheng",
                        "password": "gaoguosheng@useus",
                        "writeMode": "insert"
                    }
                }
            }
        ],
        "setting": {
            "speed": {
                "channel": 1
            }
        }
    }
}