{
    "job": {
        "content": [
            {
                "reader": {
                    "name": "mysqlreader",
                    "parameter": {
                        "column": [
                            "distributor_id",
                            "user_id",
                            "expiring_order_amount",
                            "unfilled_order_amount",
                            "statistic_day",
                            "create_time",
                            "send_status",
                            "update_time"
                        ],
                        "connection": [
                            {
                                "jdbcUrl": [
                                    "jdbc:mysql://172.16.0.101:3306/db_distributor"
                                ],
                                "table": [
                                    "tb_distributor_order"
                                ]
                            }
                        ],
                        "username": "gaoguosheng",
                        "password": "gaoguosheng@useus",
                        "where": ""
                    }
                },
                "writer": {
                    "name": "mysqlwriter",
                    "parameter": {
                        "column": [
                            "distributor_id",
                            "user_id",
                            "expiring_order_amount",
                            "unfilled_order_amount",
                            "statistic_day",
                            "create_time",
                            "send_status",
                            "update_time"
                        ],
                        "connection": [
                            {
                                "jdbcUrl": "jdbc:mysql://172.16.0.101:3306/db_boss",
                                "table": [
                                    "tb_distributor_order"
                                ]
                            }
                        ],
                        "preSql": [
                            " TRUNCATE TABLE tb_distributor_order;"
                        ],
                        "session": [],
                        "username": "gaoguosheng",
                        "password": "gaoguosheng@useus",
                        "writeMode": "insert"
                    }
                }
            }
        ],
        "setting": {
            "speed": {
                "channel": 1
            }
        }
    }
}