{
    "job": {
        "content": [
            {
                "reader": {
                    "name": "mysqlreader",
                    "parameter": {
                        "column": [
                            "terminal_id",
                            "terminal_name",
                            "shopkeeper_mobile",
                            "shopkeeper_phone",
                            "shopkeeper_name",
                            "shop_picture",
                            "province_code",
                            "city_code",
                            "region_code",
                            "province",
                            "city",
                            "region",
                            "details",
                            "longitude",
                            "latitude",
                            "description",
                            "first_spell",
                            "full_spell",
                            "add_uid",
                            "check_status",
                            "status",
                            "forbidden_reason",
                            "main_type",
                            "sub_type",
                            "type_level",
                            "data_version",
                            "create_time",
                            "update_time"
                        ],
                        "connection": [
                            {
                                "jdbcUrl": [
                                    "jdbc:mysql://172.16.0.101:3306/db_terminal"
                                ],
                                "table": [
                                    "tb_terminal_online"
                                ]
                            }
                        ],
                        "username": "gaoguosheng",
                        "password": "gaoguosheng@useus",
                        "where": ""
                    }
                },
                "writer": {
                    "name": "hdfswriter",
                    "parameter": {
                        "defaultFS": "hdfs://172.16.90.1:9000",
                        "fileType": "text",
                        "path": "/user/hive/warehouse/db_statistics.db/tb_terminal_online",
                        "fileName": "tb_terminal_online2017-05-26",
                        "column": [
                            {
                                "name": "terminal_id",
                                "type": "STRING"
                            },
                            {
                                "name": "terminal_name",
                                "type": "STRING"
                            },
                            {
                                "name": "shopkeeper_mobile",
                                "type": "STRING"
                            },
                            {
                                "name": "shopkeeper_phone",
                                "type": "STRING"
                            },
                            {
                                "name": "shopkeeper_name",
                                "type": "STRING"
                            },
                            {
                                "name": "shop_picture",
                                "type": "STRING"
                            },
                            {
                                "name": "province_code",
                                "type": "int"
                            },
                            {
                                "name": "city_code",
                                "type": "int"
                            },
                            {
                                "name": "region_code",
                                "type": "int"
                            },
                            {
                                "name": "province",
                                "type": "STRING"
                            },
                            {
                                "name": "city",
                                "type": "STRING"
                            },
                            {
                                "name": "region",
                                "type": "STRING"
                            },
                            {
                                "name": "details",
                                "type": "STRING"
                            },
                            {
                                "name": "longitude",
                                "type": "DOUBLE"
                            },
                            {
                                "name": "latitude",
                                "type": "DOUBLE"
                            },
                            {
                                "name": "description",
                                "type": "STRING"
                            },
                            {
                                "name": "first_spell",
                                "type": "STRING"
                            },
                            {
                                "name": "full_spell",
                                "type": "STRING"
                            },
                            {
                                "name": "add_uid",
                                "type": "STRING"
                            },
                            {
                                "name": "check_status",
                                "type": "int"
                            },
                            {
                                "name": "status",
                                "type": "int"
                            },
                            {
                                "name": "forbidden_reason",
                                "type": "STRING"
                            },
                            {
                                "name": "main_type",
                                "type": "int"
                            },
                            {
                                "name": "sub_type",
                                "type": "int"
                            },
                            {
                                "name": "type_level",
                                "type": "int"
                            },
                            {
                                "name": "data_version",
                                "type": "int"
                            },
                            {
                                "name": "create_time",
                                "type": "date"
                            },
                            {
                                "name": "update_time",
                                "type": "timestamp"
                            }
                        ],
                        "writeMode": "append",
                        "fieldDelimiter": "\t"
                    }
                }
            }
        ],
        "setting": {
            "speed": {
                "channel": 1
            }
        }
    }
}