{
    "job": {
        "content": [
            {
                "reader": {
                    "name": "mysqlreader",
                    "parameter": {
                        "column": [
                            "uid",
                            "user_type",
                            "phone",
                            "email",
                            "password",
                            "jpush_id",
                            "wechat_openid",
                            "status",
                            "pic_key",
                            "register_time",
                            "create_time",
                            "update_time"
                        ],
                        "connection": [
                            {
                                "jdbcUrl": [
                                    "jdbc:mysql://172.16.0.101:3306/db_user"
                                ],
                                "table": [
                                    "tb_user_basic"
                                ]
                            }
                        ],
                        "username": "gaoguosheng",
                        "password": "gaoguosheng@useus",
                        "where": ""
                    }
                },
                "writer": {
                    "name": "mysqlwriter",
                    "parameter": {
                        "column": [
                            "uid",
                            "user_type",
                            "phone",
                            "email",
                            "password",
                            "jpush_id",
                            "wechat_openid",
                            "status",
                            "pic_key",
                            "register_time",
                            "create_time",
                            "update_time"
                        ],
                        "connection": [
                            {
                                "jdbcUrl": "jdbc:mysql://172.16.0.101:3306/db_boss",
                                "table": [
                                    "tb_user_basic"
                                ]
                            }
                        ],
                        "preSql": [
                            " TRUNCATE TABLE tb_user_basic;"
                        ],
                        "session": [],
                        "username": "gaoguosheng",
                        "password": "gaoguosheng@useus",
                        "writeMode": "insert"
                    }
                }
            }
        ],
        "setting": {
            "speed": {
                "channel": 1
            }
        }
    }
}