{
    "job": {
        "content": [
            {
                "reader": {
                    "name": "mysqlreader",
                    "parameter": {
                        "column": [
                            "uid",
                            "name",
                            "name_pys",
                            "nick_name",
                            "nick_name_pys",
                            "id_type",
                            "id",
                            "is_verify",
                            "recommend_code",
                            "is_bind_card",
                            "referrer_uid",
                            "first_login",
                            "login_client",
                            "latitude",
                            "longitude",
                            "description",
                            "province_code",
                            "city_code",
                            "region_code",
                            "create_time",
                            "update_time"
                        ],
                        "connection": [
                            {
                                "jdbcUrl": [
                                    "jdbc:mysql://172.16.0.101:3306/db_user"
                                ],
                                "table": [
                                    "tb_user_sale"
                                ]
                            }
                        ],
                        "username": "gaoguosheng",
                        "password": "gaoguosheng@useus",
                        "where": ""
                    }
                },
                "writer": {
                    "name": "mysqlwriter",
                    "parameter": {
                        "column": [
                            "uid",
                            "name",
                            "name_pys",
                            "nick_name",
                            "nick_name_pys",
                            "id_type",
                            "id",
                            "is_verify",
                            "recommend_code",
                            "is_bind_card",
                            "referrer_uid",
                            "first_login",
                            "login_client",
                            "latitude",
                            "longitude",
                            "description",
                            "province_code",
                            "city_code",
                            "region_code",
                            "create_time",
                            "update_time"
                        ],
                        "connection": [
                            {
                                "jdbcUrl": "jdbc:mysql://172.16.0.101:3306/db_boss",
                                "table": [
                                    "tb_user_sale"
                                ]
                            }
                        ],
                        "preSql": [
                            " TRUNCATE TABLE tb_user_sale;"
                        ],
                        "session": [],
                        "username": "gaoguosheng",
                        "password": "gaoguosheng@useus",
                        "writeMode": "insert"
                    }
                }
            }
        ],
        "setting": {
            "speed": {
                "channel": 1
            }
        }
    }
}