{
    "job": {
        "content": [
            {
                "reader": {
                    "name": "mysqlreader",
                    "parameter": {
                        "column": [
                            "id",
                            "description",
                            "create_time",
                            "update_time",
                            "total_money",
                            "credit_limit_money",
                            "warning_money",
                            "can_overdraw_money",
                            "status",
                            "flag",
                            "db_record_update_time"
                        ],
                        "connection": [
                            {
                                "jdbcUrl": [
                                    "jdbc:mysql://172.16.0.101:3306/db_wallet"
                                ],
                                "table": [
                                    "tbl_distributor_account"
                                ]
                            }
                        ],
                        "username": "gaoguosheng",
                        "password": "gaoguosheng@useus",
                        "where": ""
                    }
                },
                "writer": {
                    "name": "mysqlwriter",
                    "parameter": {
                        "column": [
                            "id",
                            "description",
                            "create_time",
                            "update_time",
                            "total_money",
                            "credit_limit_money",
                            "warning_money",
                            "can_overdraw_money",
                            "status",
                            "flag",
                            "db_record_update_time"
                        ],
                        "connection": [
                            {
                                "jdbcUrl": "jdbc:mysql://172.16.0.101:3306/db_boss",
                                "table": [
                                    "tbl_distributor_account"
                                ]
                            }
                        ],
                        "preSql": [
                            " TRUNCATE TABLE tbl_distributor_account;"
                        ],
                        "session": [],
                        "username": "gaoguosheng",
                        "password": "gaoguosheng@useus",
                        "writeMode": "insert"
                    }
                }
            }
        ],
        "setting": {
            "speed": {
                "channel": 1
            }
        }
    }
}