{
    "job": {
        "content": [
            {
                "reader": {
                    "name": "mysqlreader",
                    "parameter": {
                        "column": [
                            "uid",
                            "symbol",
                            "operate_key",
                            "operate_type",
                            "create_time",
                            "update_time",
                            "money",
                            "mark",
                            "bank_name",
                            "bank_code",
                            "bank_card_id",
                            "bank_card_user_name",
                            "extract_time_start",
                            "extract_time_end",
                            "has_extract_return_flag",
                            "status",
                            "extend",
                            "db_record_update_time"
                        ],
                        "connection": [
                            {
                                "jdbcUrl": [
                                    "jdbc:mysql://172.16.0.101:3306/db_wallet"
                                ],
                                "table": [
                                    "tbl_extract_money"
                                ]
                            }
                        ],
                        "username": "gaoguosheng",
                        "password": "gaoguosheng@useus",
                        "where": ""
                    }
                },
                "writer": {
                    "name": "mysqlwriter",
                    "parameter": {
                        "column": [
                            "uid",
                            "symbol",
                            "operate_key",
                            "operate_type",
                            "create_time",
                            "update_time",
                            "money",
                            "mark",
                            "bank_name",
                            "bank_code",
                            "bank_card_id",
                            "bank_card_user_name",
                            "extract_time_start",
                            "extract_time_end",
                            "has_extract_return_flag",
                            "status",
                            "extend",
                            "db_record_update_time"
                        ],
                        "connection": [
                            {
                                "jdbcUrl": "jdbc:mysql://172.16.0.101:3306/db_boss",
                                "table": [
                                    "tbl_extract_money"
                                ]
                            }
                        ],
                        "preSql": [
                            " TRUNCATE TABLE tbl_extract_money;"
                        ],
                        "session": [],
                        "username": "gaoguosheng",
                        "password": "gaoguosheng@useus",
                        "writeMode": "insert"
                    }
                }
            }
        ],
        "setting": {
            "speed": {
                "channel": 1
            }
        }
    }
}