{
    "job": {
        "content": [
            {
                "reader": {
                    "name": "mysqlreader",
                    "parameter": {
                        "column": [
                            "uid",
                            "symbol",
                            "operate_key",
                            "operator_name",
                            "operate_type",
                            "create_time",
                            "money",
                            "mark",
                            "extend",
                            "db_record_update_time"
                        ],
                        "connection": [
                            {
                                "jdbcUrl": [
                                    "jdbc:mysql://172.16.0.101:3306/db_wallet"
                                ],
                                "table": [
                                    "tbl_fix_money"
                                ]
                            }
                        ],
                        "username": "gaoguosheng",
                        "password": "gaoguosheng@useus",
                        "where": ""
                    }
                },
                "writer": {
                    "name": "mysqlwriter",
                    "parameter": {
                        "column": [
                            "uid",
                            "symbol",
                            "operate_key",
                            "operator_name",
                            "operate_type",
                            "create_time",
                            "money",
                            "mark",
                            "extend",
                            "db_record_update_time"
                        ],
                        "connection": [
                            {
                                "jdbcUrl": "jdbc:mysql://172.16.0.101:3306/db_boss",
                                "table": [
                                    "tbl_fix_money"
                                ]
                            }
                        ],
                        "preSql": [
                            " TRUNCATE TABLE tbl_fix_money;"
                        ],
                        "session": [],
                        "username": "gaoguosheng",
                        "password": "gaoguosheng@useus",
                        "writeMode": "insert"
                    }
                }
            }
        ],
        "setting": {
            "speed": {
                "channel": 1
            }
        }
    }
}