{
    "job": {
        "content": [
            {
                "reader": {
                    "name": "mysqlreader",
                    "parameter": {
                        "column": [
                            "order_id",
                            "group_id",
                            "place_user_id",
                            "total_amount",
                            "commission_amount",
                            "total_commission_amount",
                            "total_commission_amount_by_distributor",
                            "total_commission_fee_by_distributor",
                            "total_commission_amount_subside_plateform",
                            "total_commission_profit",
                            "total_commission_amount_team",
                            "total_commission_amount_by_distributor_team",
                            "total_commission_amount_subside_plateform_team",
                            "penetration_fee_distributor",
                            "penetration_amount_subside_plateform",
                            "penetration_profit",
                            "total_penetration_amount",
                            "total_penetration_amount_by_distributor",
                            "total_penetration_fee_by_distributor",
                            "total_penetration_amount_subside_plateform",
                            "total_penetration_profit",
                            "total_penetration_amount_team",
                            "total_penetration_amount_by_distributor_team",
                            "total_penetration_amount_subside_plateform_team",
                            "fetch_total_penetration_amount",
                            "fetch_total_penetration_amount_by_distributor",
                            "fetch_total_penetration_fee_by_distributor",
                            "fetch_total_penetration_amount_subside_plateform",
                            "give_free_content",
                            "goods_detail_number",
                            "over_view",
                            "status",
                            "create_time",
                            "expried_time",
                            "cancel_time",
                            "send_time",
                            "send_user_uid",
                            "send_user_name",
                            "send_user_tel",
                            "cancel_user_uid",
                            "cancel_user_name",
                            "cancel_user_tel",
                            "cancel_user_type",
                            "cancel_remark",
                            "order_remark",
                            "check_user_uid",
                            "check_time",
                            "check_remark",
                            "check_flag",
                            "receive_commission_money_time",
                            "receive_penetration_money_time",
                            "determinate_user_uid",
                            "determinate_time",
                            "determinate_finish_time",
                            "determinate_reason",
                            "determinate_remark",
                            "determinate_flag",
                            "data_version",
                            "place_user_name",
                            "place_user_tel",
                            "place_user_name_pys",
                            "place_user_nick_name",
                            "place_user_nick_name_pys",
                            "place_user_id_type",
                            "place_user_identity",
                            "distributor_id",
                            "distributor_name",
                            "distributor_legal_name",
                            "distribution_range",
                            "distributor_status",
                            "distributor_country_code",
                            "distributor_district_code",
                            "distributor_province_code",
                            "distributor_city_code",
                            "distributor_region_code",
                            "distributor_country",
                            "distributor_district",
                            "distributor_province",
                            "distributor_city",
                            "distributor_region",
                            "distributor_details",
                            "distributor_longitude",
                            "distributor_latitude",
                            "distributor_tel",
                            "terminal_id",
                            "terminal_name",
                            "terminal_shopkeeper_mobile",
                            "terminal_shopkeeper_phone",
                            "terminal_shopkeeper_name",
                            "terminal_shop_picture",
                            "terminal_province_code",
                            "terminal_city_code",
                            "terminal_region_code",
                            "terminal_province",
                            "terminal_city",
                            "terminal_region",
                            "terminal_details",
                            "terminal_longitude",
                            "terminal_latitude",
                            "terminal_tel",
                            "terminal_description",
                            "terminal_first_spell",
                            "terminal_full_spell",
                            "terminal_add_uid",
                            "terminal_status",
                            "order_entry_type",
                            "team_id",
                            "team_name",
                            "team_job",
                            "team_creator_id",
                            "team_creator_name",
                            "team_proportion",
                            "update_time"
                        ],
                        "connection": [
                            {
                                "jdbcUrl": [
                                    "jdbc:mysql://172.16.0.101:3306/db_order_2017"
                                ],
                                "table": [
                                    "tb_order_20170101",
                                    "tb_order_20170102",
                                    "tb_order_20170103",
                                    "tb_order_20170104",
                                    "tb_order_20170105",
                                    "tb_order_20170106",
                                    "tb_order_20170107",
                                    "tb_order_20170108",
                                    "tb_order_20170109",
                                    "tb_order_20170110",
                                    "tb_order_20170111",
                                    "tb_order_20170112",
                                    "tb_order_20170113",
                                    "tb_order_20170114",
                                    "tb_order_20170115",
                                    "tb_order_20170116",
                                    "tb_order_20170117",
                                    "tb_order_20170118",
                                    "tb_order_20170119",
                                    "tb_order_20170120",
                                    "tb_order_20170121",
                                    "tb_order_20170122",
                                    "tb_order_20170123",
                                    "tb_order_20170124",
                                    "tb_order_20170125",
                                    "tb_order_20170126",
                                    "tb_order_20170127",
                                    "tb_order_20170128",
                                    "tb_order_20170129",
                                    "tb_order_20170130",
                                    "tb_order_20170131",
                                    "tb_order_20170201",
                                    "tb_order_20170202",
                                    "tb_order_20170203",
                                    "tb_order_20170204",
                                    "tb_order_20170205",
                                    "tb_order_20170206",
                                    "tb_order_20170207",
                                    "tb_order_20170208",
                                    "tb_order_20170209",
                                    "tb_order_20170210",
                                    "tb_order_20170211",
                                    "tb_order_20170212",
                                    "tb_order_20170213",
                                    "tb_order_20170214",
                                    "tb_order_20170215",
                                    "tb_order_20170216",
                                    "tb_order_20170217",
                                    "tb_order_20170218",
                                    "tb_order_20170219",
                                    "tb_order_20170220",
                                    "tb_order_20170221",
                                    "tb_order_20170222",
                                    "tb_order_20170223",
                                    "tb_order_20170224",
                                    "tb_order_20170225",
                                    "tb_order_20170226",
                                    "tb_order_20170227",
                                    "tb_order_20170228",
                                    "tb_order_20170301",
                                    "tb_order_20170302",
                                    "tb_order_20170303",
                                    "tb_order_20170304",
                                    "tb_order_20170305",
                                    "tb_order_20170306",
                                    "tb_order_20170307",
                                    "tb_order_20170308",
                                    "tb_order_20170309",
                                    "tb_order_20170310",
                                    "tb_order_20170311",
                                    "tb_order_20170312",
                                    "tb_order_20170313",
                                    "tb_order_20170314",
                                    "tb_order_20170315",
                                    "tb_order_20170316",
                                    "tb_order_20170317",
                                    "tb_order_20170318",
                                    "tb_order_20170319",
                                    "tb_order_20170320",
                                    "tb_order_20170321",
                                    "tb_order_20170322",
                                    "tb_order_20170323",
                                    "tb_order_20170324",
                                    "tb_order_20170325",
                                    "tb_order_20170326",
                                    "tb_order_20170327",
                                    "tb_order_20170328",
                                    "tb_order_20170329",
                                    "tb_order_20170330",
                                    "tb_order_20170331",
                                    "tb_order_20170401",
                                    "tb_order_20170402",
                                    "tb_order_20170403",
                                    "tb_order_20170404",
                                    "tb_order_20170405",
                                    "tb_order_20170406",
                                    "tb_order_20170407",
                                    "tb_order_20170408",
                                    "tb_order_20170409",
                                    "tb_order_20170410",
                                    "tb_order_20170411",
                                    "tb_order_20170412",
                                    "tb_order_20170413",
                                    "tb_order_20170414",
                                    "tb_order_20170415",
                                    "tb_order_20170416",
                                    "tb_order_20170417",
                                    "tb_order_20170418",
                                    "tb_order_20170419",
                                    "tb_order_20170420",
                                    "tb_order_20170421",
                                    "tb_order_20170422",
                                    "tb_order_20170423",
                                    "tb_order_20170424",
                                    "tb_order_20170425",
                                    "tb_order_20170426",
                                    "tb_order_20170427",
                                    "tb_order_20170428",
                                    "tb_order_20170429",
                                    "tb_order_20170430",
                                    "tb_order_20170501",
                                    "tb_order_20170502",
                                    "tb_order_20170503",
                                    "tb_order_20170504",
                                    "tb_order_20170505",
                                    "tb_order_20170506",
                                    "tb_order_20170507",
                                    "tb_order_20170508",
                                    "tb_order_20170509",
                                    "tb_order_20170510",
                                    "tb_order_20170511",
                                    "tb_order_20170512",
                                    "tb_order_20170513",
                                    "tb_order_20170514",
                                    "tb_order_20170515",
                                    "tb_order_20170516",
                                    "tb_order_20170517",
                                    "tb_order_20170518",
                                    "tb_order_20170519",
                                    "tb_order_20170520",
                                    "tb_order_20170521",
                                    "tb_order_20170522",
                                    "tb_order_20170523",
                                    "tb_order_20170524",
                                    "tb_order_20170525",
                                    "tb_order_20170526",
                                    "tb_order_20170527"
                                ]
                            }
                        ],
                        "username": "gaoguosheng",
                        "password": "gaoguosheng@useus",
                        "where": ""
                    }
                },
                "writer": {
                    "name": "hdfswriter",
                    "parameter": {
                        "defaultFS": "hdfs://172.16.90.1:9000",
                        "fileType": "text",
                        "path": "/user/hive/warehouse/db_statistics.db/tb_order",
                        "fileName": "tb_order2017-05-26",
                        "column": [
                            {
                                "name": "order_id",
                                "type": "STRING"
                            },
                            {
                                "name": "group_id",
                                "type": "STRING"
                            },
                            {
                                "name": "place_user_id",
                                "type": "STRING"
                            },
                            {
                                "name": "total_amount",
                                "type": "DOUBLE"
                            },
                            {
                                "name": "commission_amount",
                                "type": "DOUBLE"
                            },
                            {
                                "name": "total_commission_amount",
                                "type": "DOUBLE"
                            },
                            {
                                "name": "total_commission_amount_by_distributor",
                                "type": "DOUBLE"
                            },
                            {
                                "name": "total_commission_fee_by_distributor",
                                "type": "DOUBLE"
                            },
                            {
                                "name": "total_commission_amount_subside_plateform",
                                "type": "DOUBLE"
                            },
                            {
                                "name": "total_commission_profit",
                                "type": "DOUBLE"
                            },
                            {
                                "name": "total_commission_amount_team",
                                "type": "DOUBLE"
                            },
                            {
                                "name": "total_commission_amount_by_distributor_team",
                                "type": "DOUBLE"
                            },
                            {
                                "name": "total_commission_amount_subside_plateform_team",
                                "type": "DOUBLE"
                            },
                            {
                                "name": "penetration_fee_distributor",
                                "type": "DOUBLE"
                            },
                            {
                                "name": "penetration_amount_subside_plateform",
                                "type": "DOUBLE"
                            },
                            {
                                "name": "penetration_profit",
                                "type": "DOUBLE"
                            },
                            {
                                "name": "total_penetration_amount",
                                "type": "DOUBLE"
                            },
                            {
                                "name": "total_penetration_amount_by_distributor",
                                "type": "DOUBLE"
                            },
                            {
                                "name": "total_penetration_fee_by_distributor",
                                "type": "DOUBLE"
                            },
                            {
                                "name": "total_penetration_amount_subside_plateform",
                                "type": "DOUBLE"
                            },
                            {
                                "name": "total_penetration_profit",
                                "type": "DOUBLE"
                            },
                            {
                                "name": "total_penetration_amount_team",
                                "type": "DOUBLE"
                            },
                            {
                                "name": "total_penetration_amount_by_distributor_team",
                                "type": "DOUBLE"
                            },
                            {
                                "name": "total_penetration_amount_subside_plateform_team",
                                "type": "DOUBLE"
                            },
                            {
                                "name": "fetch_total_penetration_amount",
                                "type": "DOUBLE"
                            },
                            {
                                "name": "fetch_total_penetration_amount_by_distributor",
                                "type": "DOUBLE"
                            },
                            {
                                "name": "fetch_total_penetration_fee_by_distributor",
                                "type": "DOUBLE"
                            },
                            {
                                "name": "fetch_total_penetration_amount_subside_plateform",
                                "type": "DOUBLE"
                            },
                            {
                                "name": "give_free_content",
                                "type": "STRING"
                            },
                            {
                                "name": "goods_detail_number",
                                "type": "int"
                            },
                            {
                                "name": "over_view",
                                "type": "STRING"
                            },
                            {
                                "name": "status",
                                "type": "tinyint"
                            },
                            {
                                "name": "create_time",
                                "type": "date"
                            },
                            {
                                "name": "expried_time",
                                "type": "date"
                            },
                            {
                                "name": "cancel_time",
                                "type": "date"
                            },
                            {
                                "name": "send_time",
                                "type": "date"
                            },
                            {
                                "name": "send_user_uid",
                                "type": "STRING"
                            },
                            {
                                "name": "send_user_name",
                                "type": "STRING"
                            },
                            {
                                "name": "send_user_tel",
                                "type": "STRING"
                            },
                            {
                                "name": "cancel_user_uid",
                                "type": "STRING"
                            },
                            {
                                "name": "cancel_user_name",
                                "type": "STRING"
                            },
                            {
                                "name": "cancel_user_tel",
                                "type": "STRING"
                            },
                            {
                                "name": "cancel_user_type",
                                "type": "STRING"
                            },
                            {
                                "name": "cancel_remark",
                                "type": "STRING"
                            },
                            {
                                "name": "order_remark",
                                "type": "STRING"
                            },
                            {
                                "name": "check_user_uid",
                                "type": "STRING"
                            },
                            {
                                "name": "check_time",
                                "type": "date"
                            },
                            {
                                "name": "check_remark",
                                "type": "STRING"
                            },
                            {
                                "name": "check_flag",
                                "type": "tinyint"
                            },
                            {
                                "name": "receive_commission_money_time",
                                "type": "date"
                            },
                            {
                                "name": "receive_penetration_money_time",
                                "type": "date"
                            },
                            {
                                "name": "determinate_user_uid",
                                "type": "STRING"
                            },
                            {
                                "name": "determinate_time",
                                "type": "date"
                            },
                            {
                                "name": "determinate_finish_time",
                                "type": "date"
                            },
                            {
                                "name": "determinate_reason",
                                "type": "STRING"
                            },
                            {
                                "name": "determinate_remark",
                                "type": "STRING"
                            },
                            {
                                "name": "determinate_flag",
                                "type": "tinyint"
                            },
                            {
                                "name": "data_version",
                                "type": "int"
                            },
                            {
                                "name": "place_user_name",
                                "type": "STRING"
                            },
                            {
                                "name": "place_user_tel",
                                "type": "STRING"
                            },
                            {
                                "name": "place_user_name_pys",
                                "type": "STRING"
                            },
                            {
                                "name": "place_user_nick_name",
                                "type": "STRING"
                            },
                            {
                                "name": "place_user_nick_name_pys",
                                "type": "STRING"
                            },
                            {
                                "name": "place_user_id_type",
                                "type": "int"
                            },
                            {
                                "name": "place_user_identity",
                                "type": "STRING"
                            },
                            {
                                "name": "distributor_id",
                                "type": "STRING"
                            },
                            {
                                "name": "distributor_name",
                                "type": "STRING"
                            },
                            {
                                "name": "distributor_legal_name",
                                "type": "STRING"
                            },
                            {
                                "name": "distribution_range",
                                "type": "int"
                            },
                            {
                                "name": "distributor_status",
                                "type": "int"
                            },
                            {
                                "name": "distributor_country_code",
                                "type": "int"
                            },
                            {
                                "name": "distributor_district_code",
                                "type": "int"
                            },
                            {
                                "name": "distributor_province_code",
                                "type": "int"
                            },
                            {
                                "name": "distributor_city_code",
                                "type": "int"
                            },
                            {
                                "name": "distributor_region_code",
                                "type": "int"
                            },
                            {
                                "name": "distributor_country",
                                "type": "STRING"
                            },
                            {
                                "name": "distributor_district",
                                "type": "STRING"
                            },
                            {
                                "name": "distributor_province",
                                "type": "STRING"
                            },
                            {
                                "name": "distributor_city",
                                "type": "STRING"
                            },
                            {
                                "name": "distributor_region",
                                "type": "STRING"
                            },
                            {
                                "name": "distributor_details",
                                "type": "STRING"
                            },
                            {
                                "name": "distributor_longitude",
                                "type": "DOUBLE"
                            },
                            {
                                "name": "distributor_latitude",
                                "type": "DOUBLE"
                            },
                            {
                                "name": "distributor_tel",
                                "type": "STRING"
                            },
                            {
                                "name": "terminal_id",
                                "type": "STRING"
                            },
                            {
                                "name": "terminal_name",
                                "type": "STRING"
                            },
                            {
                                "name": "terminal_shopkeeper_mobile",
                                "type": "STRING"
                            },
                            {
                                "name": "terminal_shopkeeper_phone",
                                "type": "STRING"
                            },
                            {
                                "name": "terminal_shopkeeper_name",
                                "type": "STRING"
                            },
                            {
                                "name": "terminal_shop_picture",
                                "type": "STRING"
                            },
                            {
                                "name": "terminal_province_code",
                                "type": "STRING"
                            },
                            {
                                "name": "terminal_city_code",
                                "type": "STRING"
                            },
                            {
                                "name": "terminal_region_code",
                                "type": "STRING"
                            },
                            {
                                "name": "terminal_province",
                                "type": "STRING"
                            },
                            {
                                "name": "terminal_city",
                                "type": "STRING"
                            },
                            {
                                "name": "terminal_region",
                                "type": "STRING"
                            },
                            {
                                "name": "terminal_details",
                                "type": "STRING"
                            },
                            {
                                "name": "terminal_longitude",
                                "type": "DOUBLE"
                            },
                            {
                                "name": "terminal_latitude",
                                "type": "DOUBLE"
                            },
                            {
                                "name": "terminal_tel",
                                "type": "DOUBLE"
                            },
                            {
                                "name": "terminal_description",
                                "type": "STRING"
                            },
                            {
                                "name": "terminal_first_spell",
                                "type": "STRING"
                            },
                            {
                                "name": "terminal_full_spell",
                                "type": "STRING"
                            },
                            {
                                "name": "terminal_add_uid",
                                "type": "STRING"
                            },
                            {
                                "name": "terminal_status",
                                "type": "int"
                            },
                            {
                                "name": "order_entry_type",
                                "type": "tinyint"
                            },
                            {
                                "name": "team_id",
                                "type": "STRING"
                            },
                            {
                                "name": "team_name",
                                "type": "STRING"
                            },
                            {
                                "name": "team_job",
                                "type": "STRING"
                            },
                            {
                                "name": "team_creator_id",
                                "type": "STRING"
                            },
                            {
                                "name": "team_creator_name",
                                "type": "STRING"
                            },
                            {
                                "name": "team_proportion",
                                "type": "int"
                            },
                            {
                                "name": "update_time",
                                "type": "timestamp"
                            }
                        ],
                        "writeMode": "append",
                        "fieldDelimiter": "\t"
                    }
                }
            }
        ],
        "setting": {
            "speed": {
                "channel": 1
            }
        }
    }
}