{
    "job": {
        "content": [
            {
                "reader": {
                    "name": "mysqlreader",
                    "parameter": {
                        "column": [
                            "uid",
                            "name",
                            "name_pys",
                            "id_type",
                            "id",
                            "country_code",
                            "country",
                            "district_code",
                            "district",
                            "province_code",
                            "province",
                            "city_code",
                            "city",
                            "add_uid",
                            "add_time",
                            "set_uid",
                            "set_time",
                            "create_time",
                            "update_time"
                        ],
                        "connection": [
                            {
                                "jdbcUrl": [
                                    "jdbc:mysql://172.16.0.101:3306/db_user"
                                ],
                                "table": [
                                    "tb_user_internal_city_manager"
                                ]
                            }
                        ],
                        "username": "gaoguosheng",
                        "password": "gaoguosheng@useus",
                        "where": ""
                    }
                },
                "writer": {
                    "name": "hdfswriter",
                    "parameter": {
                        "defaultFS": "hdfs://172.16.90.1:9000",
                        "fileType": "text",
                        "path": "/user/hive/warehouse/db_statistics.db/tb_user_internal_city_manager",
                        "fileName": "tb_user_internal_city_manager2017-05-26",
                        "column": [
                            {
                                "name": "uid",
                                "type": "STRING"
                            },
                            {
                                "name": "name",
                                "type": "STRING"
                            },
                            {
                                "name": "name_pys",
                                "type": "STRING"
                            },
                            {
                                "name": "id_type",
                                "type": "int"
                            },
                            {
                                "name": "id",
                                "type": "STRING"
                            },
                            {
                                "name": "country_code",
                                "type": "STRING"
                            },
                            {
                                "name": "country",
                                "type": "STRING"
                            },
                            {
                                "name": "district_code",
                                "type": "STRING"
                            },
                            {
                                "name": "district",
                                "type": "STRING"
                            },
                            {
                                "name": "province_code",
                                "type": "STRING"
                            },
                            {
                                "name": "province",
                                "type": "STRING"
                            },
                            {
                                "name": "city_code",
                                "type": "STRING"
                            },
                            {
                                "name": "city",
                                "type": "STRING"
                            },
                            {
                                "name": "add_uid",
                                "type": "STRING"
                            },
                            {
                                "name": "add_time",
                                "type": "date"
                            },
                            {
                                "name": "set_uid",
                                "type": "STRING"
                            },
                            {
                                "name": "set_time",
                                "type": "date"
                            },
                            {
                                "name": "create_time",
                                "type": "date"
                            },
                            {
                                "name": "update_time",
                                "type": "timestamp"
                            }
                        ],
                        "writeMode": "append",
                        "fieldDelimiter": "\t"
                    }
                }
            }
        ],
        "setting": {
            "speed": {
                "channel": 1
            }
        }
    }
}