{
    "job": {
        "content": [
            {
                "reader": {
                    "name": "mysqlreader",
                    "parameter": {
                        "column": [
                            "uid",
                            "name",
                            "name_pys",
                            "distributor_corp_id",
                            "create_time",
                            "update_time"
                        ],
                        "connection": [
                            {
                                "jdbcUrl": [
                                    "jdbc:mysql://172.16.0.101:3306/db_user"
                                ],
                                "table": [
                                    "tb_user_distributor_manager"
                                ]
                            }
                        ],
                        "username": "gaoguosheng",
                        "password": "gaoguosheng@useus",
                        "where": ""
                    }
                },
                "writer": {
                    "name": "hdfswriter",
                    "parameter": {
                        "defaultFS": "hdfs://172.16.90.1:9000",
                        "fileType": "text",
                        "path": "/user/hive/warehouse/db_statistics.db/tb_user_distributor_manager",
                        "fileName": "tb_user_distributor_manager2017-05-26",
                        "column": [
                            {
                                "name": "uid",
                                "type": "STRING"
                            },
                            {
                                "name": "name",
                                "type": "STRING"
                            },
                            {
                                "name": "name_pys",
                                "type": "STRING"
                            },
                            {
                                "name": "distributor_corp_id",
                                "type": "STRING"
                            },
                            {
                                "name": "create_time",
                                "type": "date"
                            },
                            {
                                "name": "update_time",
                                "type": "timestamp"
                            }
                        ],
                        "writeMode": "append",
                        "fieldDelimiter": "\t"
                    }
                }
            }
        ],
        "setting": {
            "speed": {
                "channel": 1
            }
        }
    }
}