{
    "job": {
        "content": [
            {
                "reader": {
                    "name": "mysqlreader",
                    "parameter": {
                        "column": [
                            "uid",
                            "name",
                            "name_pys",
                            "nick_name",
                            "nick_name_pys",
                            "id_type",
                            "id",
                            "is_verify",
                            "recommend_code",
                            "is_bind_card",
                            "referrer_uid",
                            "first_login",
                            "login_client",
                            "latitude",
                            "longitude",
                            "description",
                            "province_code",
                            "city_code",
                            "region_code",
                            "create_time",
                            "update_time"
                        ],
                        "connection": [
                            {
                                "jdbcUrl": [
                                    "jdbc:mysql://172.16.0.101:3306/db_user"
                                ],
                                "table": [
                                    "tb_user_sale"
                                ]
                            }
                        ],
                        "username": "gaoguosheng",
                        "password": "gaoguosheng@useus",
                        "where": ""
                    }
                },
                "writer": {
                    "name": "hdfswriter",
                    "parameter": {
                        "defaultFS": "hdfs://172.16.90.1:9000",
                        "fileType": "text",
                        "path": "/user/hive/warehouse/db_statistics.db/tb_user_sale",
                        "fileName": "tb_user_sale2017-05-26",
                        "column": [
                            {
                                "name": "uid",
                                "type": "STRING"
                            },
                            {
                                "name": "name",
                                "type": "STRING"
                            },
                            {
                                "name": "name_pys",
                                "type": "STRING"
                            },
                            {
                                "name": "nick_name",
                                "type": "STRING"
                            },
                            {
                                "name": "nick_name_pys",
                                "type": "STRING"
                            },
                            {
                                "name": "id_type",
                                "type": "int"
                            },
                            {
                                "name": "id",
                                "type": "STRING"
                            },
                            {
                                "name": "is_verify",
                                "type": "int"
                            },
                            {
                                "name": "recommend_code",
                                "type": "STRING"
                            },
                            {
                                "name": "is_bind_card",
                                "type": "int"
                            },
                            {
                                "name": "referrer_uid",
                                "type": "STRING"
                            },
                            {
                                "name": "first_login",
                                "type": "int"
                            },
                            {
                                "name": "login_client",
                                "type": "STRING"
                            },
                            {
                                "name": "latitude",
                                "type": "DOUBLE"
                            },
                            {
                                "name": "longitude",
                                "type": "DOUBLE"
                            },
                            {
                                "name": "description",
                                "type": "STRING"
                            },
                            {
                                "name": "province_code",
                                "type": "int"
                            },
                            {
                                "name": "city_code",
                                "type": "int"
                            },
                            {
                                "name": "region_code",
                                "type": "int"
                            },
                            {
                                "name": "create_time",
                                "type": "date"
                            },
                            {
                                "name": "update_time",
                                "type": "timestamp"
                            }
                        ],
                        "writeMode": "append",
                        "fieldDelimiter": "\t"
                    }
                }
            }
        ],
        "setting": {
            "speed": {
                "channel": 1
            }
        }
    }
}