{
    "job": {
        "content": [
            {
                "reader": {
                    "name": "mysqlreader",
                    "parameter": {
                        "column": [
                            "uid",
                            "user_type",
                            "phone",
                            "email",
                            "password",
                            "jpush_id",
                            "wechat_openid",
                            "status",
                            "pic_key",
                            "register_time",
                            "create_time",
                            "update_time"
                        ],
                        "connection": [
                            {
                                "jdbcUrl": [
                                    "jdbc:mysql://172.16.0.101:3306/db_user"
                                ],
                                "table": [
                                    "tb_user_basic"
                                ]
                            }
                        ],
                        "username": "gaoguosheng",
                        "password": "gaoguosheng@useus",
                        "where": ""
                    }
                },
                "writer": {
                    "name": "hdfswriter",
                    "parameter": {
                        "defaultFS": "hdfs://172.16.90.1:9000",
                        "fileType": "text",
                        "path": "/user/hive/warehouse/db_statistics.db/tb_user_basic",
                        "fileName": "tb_user_basic2017-05-26",
                        "column": [
                            {
                                "name": "uid",
                                "type": "STRING"
                            },
                            {
                                "name": "user_type",
                                "type": "STRING"
                            },
                            {
                                "name": "phone",
                                "type": "STRING"
                            },
                            {
                                "name": "email",
                                "type": "STRING"
                            },
                            {
                                "name": "password",
                                "type": "STRING"
                            },
                            {
                                "name": "jpush_id",
                                "type": "STRING"
                            },
                            {
                                "name": "wechat_openid",
                                "type": "STRING"
                            },
                            {
                                "name": "status",
                                "type": "int"
                            },
                            {
                                "name": "pic_key",
                                "type": "STRING"
                            },
                            {
                                "name": "register_time",
                                "type": "date"
                            },
                            {
                                "name": "create_time",
                                "type": "date"
                            },
                            {
                                "name": "update_time",
                                "type": "timestamp"
                            }
                        ],
                        "writeMode": "append",
                        "fieldDelimiter": "\t"
                    }
                }
            }
        ],
        "setting": {
            "speed": {
                "channel": 1
            }
        }
    }
}