[{
  "source_db":"db_order_2016",
  "target_db":"db_statistics",
  "sub":[
    {
      "source_tb":"^tb_order_2016",
      "target_tb":"tb_order",
      "update_tb":"$tb_order"
    },
    {
      "source_tb":"^tb_order_goods_detail_201",
      "target_tb":"tb_order_goods_detail",
      "update_tb":"$tb_order_goods_detail"
    }
  ]
},
  {
    "source_db":"db_order_2017",
    "target_db":"db_statistics",
    "sub":[
      {
        "source_tb":"^tb_order_2017",
        "target_tb":"tb_order",
        "update_tb":"$tb_order",
        "not_need_truncate":true

      },
      {
        "source_tb":"^tb_order_goods_detail_201",
        "target_tb":"tb_order_goods_detail",
        "update_tb":"$tb_order_goods_detail",
        "not_need_truncate":true
      }
    ]
  },
  {
    "source_db":"^db_wallet_201",
    "target_db":"db_statistics",
    "sub":[
      {
        "source_tb":"^tbl_account_pipeline_201",
        "target_tb":"tbl_account_pipeline",
        "update_tb":"$wallet",
        "update_column":"db_record_update_time"
      }
    ]
  },
  {
    "source_db":"db_distributor",
    "target_db":"db_statistics",
    "all":true
  },
  {
    "source_db":"db_distributor_check",
    "target_db":"db_statistics",
    "all":true
  },
  {
    "source_db":"db_distributor_check",
    "target_db":"db_statistics",
    "all":true
  },
  {
    "source_db":"db_goods",
    "target_db":"db_statistics",
    "all":true
  },
  {
    "source_db":"db_identity",
    "target_db":"db_statistics",
    "all":true
  },
  {
    "source_db":"db_penetration",
    "target_db":"db_statistics",
    "all":true
  },
  {
    "source_db":"db_terminal",
    "target_db":"db_statistics",
    "all":true
  },
  {
    "source_db":"db_terminal_occupied",
    "target_db":"db_statistics",
    "all":true
  },
  {
    "source_db":"db_user",
    "target_db":"db_statistics",
    "all":true
  },
  {
    "source_db":"db_wallet",
    "target_db":"db_statistics",
    "all":true
  }
]
